<?xml version='1.0' encoding='UTF-8'?>
<gpx version="1.1" creator="https://www.komoot.de" xmlns="http://www.topografix.com/GPX/1/1" xmlns:xsi="http://www.w3.org/2001/XMLSchema-instance" xsi:schemaLocation="http://www.topografix.com/GPX/1/1 http://www.topografix.com/GPX/1/1/gpx.xsd">
  <metadata>
    <name>Fronteers: Kinderdijk Windmills Loop (Cycling)</name>
    <author>
      <link href="https://www.komoot.de">
        <text>komoot</text>
        <type>text/html</type>
      </link>
    </author>
  </metadata>
  <wpt lat="51.828890" lon="4.671241">
    <name>Aviolandapad – View of the Dordrecht skyline and the three rivers</name>
    <sym>Flag, Blue</sym>
  </wpt>
  <wpt lat="51.875795" lon="4.634172">
    <name>View of the Kinderdijk Windmills</name>
    <sym>Flag, Blue</sym>
  </wpt>
  <wpt lat="51.887295" lon="4.638160">
    <name>Kinderdijk Windmills</name>
    <sym>Flag, Blue</sym>
  </wpt>
  <wpt lat="51.879726" lon="4.644883">
    <name>Kinderdijk Windmills (UNESCO World Heritage Site)</name>
    <sym>Flag, Blue</sym>
  </wpt>
  <wpt lat="51.879574" lon="4.645050">
    <name>Kinderdijk Windmills</name>
    <sym>Flag, Blue</sym>
  </wpt>
  <wpt lat="51.874801" lon="4.673908">
    <name>Kinderdijk Windmills</name>
    <sym>Flag, Blue</sym>
  </wpt>
  <wpt lat="51.875015" lon="4.678155">
    <name>Cycle Path Along the Kinderdijk Waterways</name>
    <sym>Flag, Blue</sym>
  </wpt>
  <wpt lat="51.880492" lon="4.741500">
    <name>Water Point at Windmill near Kinderdijk</name>
    <sym>Picnic Area</sym>
  </wpt>
  <wpt lat="51.857312" lon="4.729717">
    <name>Kinderdijk Windmills Route</name>
    <sym>Flag, Blue</sym>
  </wpt>
  <wpt lat="51.853079" lon="4.735260">
    <name>Windmill in Zuid-Holland</name>
    <sym>Flag, Blue</sym>
  </wpt>
  <wpt lat="51.851242" lon="4.733061">
    <name>Beneden Tiendweg</name>
    <sym>Flag, Blue</sym>
  </wpt>
  <wpt lat="51.825770" lon="4.708610">
    <name>Papendrecht Ferry</name>
    <sym>Flag, Blue</sym>
  </wpt>
  <wpt lat="51.804847" lon="4.737781">
    <name>The Blue Bridge</name>
    <sym>Bridge</sym>
  </wpt>
  <wpt lat="51.812394" lon="4.710738">
    <name>Wantijdijk Cycle Path</name>
    <sym>Flag, Blue</sym>
  </wpt>
  <trk>
    <name>Fronteers: Kinderdijk Windmills Loop (Cycling)</name>
    <type>racebike</type>
    <trkseg>
      <trkpt lat="51.814451" lon="4.670617">
        <ele>4.487662</ele>
        <time>2026-09-26T22:46:57.281Z</time>
      </trkpt>
      <trkpt lat="51.814392" lon="4.670692">
        <ele>4.487662</ele>
        <time>2026-09-26T22:47:02.486Z</time>
      </trkpt>
      <trkpt lat="51.814357" lon="4.670736">
        <ele>4.487662</ele>
        <time>2026-09-26T22:47:05.588Z</time>
      </trkpt>
      <trkpt lat="51.814454" lon="4.670889">
        <ele>4.487662</ele>
        <time>2026-09-26T22:47:09.016Z</time>
      </trkpt>
      <trkpt lat="51.814544" lon="4.671018">
        <ele>4.487662</ele>
        <time>2026-09-26T22:47:12.054Z</time>
      </trkpt>
      <trkpt lat="51.814733" lon="4.671279">
        <ele>4.487662</ele>
        <time>2026-09-26T22:47:18.518Z</time>
      </trkpt>
      <trkpt lat="51.814822" lon="4.671358">
        <ele>4.487662</ele>
        <time>2026-09-26T22:47:21.217Z</time>
      </trkpt>
      <trkpt lat="51.814877" lon="4.671409">
        <ele>4.487662</ele>
        <time>2026-09-26T22:47:22.810Z</time>
      </trkpt>
      <trkpt lat="51.815351" lon="4.671788">
        <ele>4.319856</ele>
        <time>2026-09-26T22:47:35.614Z</time>
      </trkpt>
      <trkpt lat="51.815419" lon="4.671833">
        <ele>4.290357</ele>
        <time>2026-09-26T22:47:37.295Z</time>
      </trkpt>
      <trkpt lat="51.815295" lon="4.672408">
        <ele>4.139203</ele>
        <time>2026-09-26T22:47:45.895Z</time>
      </trkpt>
      <trkpt lat="51.815111" lon="4.673187">
        <ele>3.932215</ele>
        <time>2026-09-26T22:47:57.116Z</time>
      </trkpt>
      <trkpt lat="51.815712" lon="4.673724">
        <ele>3.656988</ele>
        <time>2026-09-26T22:48:11.795Z</time>
      </trkpt>
      <trkpt lat="51.815773" lon="4.673775">
        <ele>3.629531</ele>
        <time>2026-09-26T22:48:13.267Z</time>
      </trkpt>
      <trkpt lat="51.816088" lon="4.674010">
        <ele>3.490820</ele>
        <time>2026-09-26T22:48:20.985Z</time>
      </trkpt>
      <trkpt lat="51.816295" lon="4.674163">
        <ele>3.399815</ele>
        <time>2026-09-26T22:48:26.230Z</time>
      </trkpt>
      <trkpt lat="51.816562" lon="4.674349">
        <ele>3.283569</ele>
        <time>2026-09-26T22:48:32.783Z</time>
      </trkpt>
      <trkpt lat="51.816628" lon="4.674440">
        <ele>3.248891</ele>
        <time>2026-09-26T22:48:34.564Z</time>
      </trkpt>
      <trkpt lat="51.817072" lon="4.674219">
        <ele>3.063133</ele>
        <time>2026-09-26T22:48:45.492Z</time>
      </trkpt>
      <trkpt lat="51.817426" lon="4.674062">
        <ele>2.954492</ele>
        <time>2026-09-26T22:48:55.083Z</time>
      </trkpt>
      <trkpt lat="51.817439" lon="4.674154">
        <ele>2.938012</ele>
        <time>2026-09-26T22:48:56.417Z</time>
      </trkpt>
      <trkpt lat="51.817612" lon="4.674156">
        <ele>2.889141</ele>
        <time>2026-09-26T22:49:19.638Z</time>
      </trkpt>
      <trkpt lat="51.817686" lon="4.674212">
        <ele>2.866062</ele>
        <time>2026-09-26T22:49:30.534Z</time>
      </trkpt>
      <trkpt lat="51.817704" lon="4.674262">
        <ele>2.855959</ele>
        <time>2026-09-26T22:49:35.173Z</time>
      </trkpt>
      <trkpt lat="51.817774" lon="4.674313">
        <ele>2.834272</ele>
        <time>2026-09-26T22:49:40.533Z</time>
      </trkpt>
      <trkpt lat="51.817800" lon="4.674400">
        <ele>2.817397</ele>
        <time>2026-09-26T22:49:41.448Z</time>
      </trkpt>
      <trkpt lat="51.818306" lon="4.674887">
        <ele>2.651074</ele>
        <time>2026-09-26T22:49:51.082Z</time>
      </trkpt>
      <trkpt lat="51.818401" lon="4.675039">
        <ele>2.613329</ele>
        <time>2026-09-26T22:49:53.071Z</time>
      </trkpt>
      <trkpt lat="51.818542" lon="4.675298">
        <ele>2.553064</ele>
        <time>2026-09-26T22:49:56.338Z</time>
      </trkpt>
      <trkpt lat="51.818618" lon="4.675413">
        <ele>2.496966</ele>
        <time>2026-09-26T22:49:58.102Z</time>
      </trkpt>
      <trkpt lat="51.818748" lon="4.675452">
        <ele>2.390884</ele>
        <time>2026-09-26T22:50:00.144Z</time>
      </trkpt>
      <trkpt lat="51.818835" lon="4.675426">
        <ele>2.319899</ele>
        <time>2026-09-26T22:50:01.543Z</time>
      </trkpt>
      <trkpt lat="51.818865" lon="4.675402">
        <ele>2.293047</ele>
        <time>2026-09-26T22:50:02.082Z</time>
      </trkpt>
      <trkpt lat="51.819083" lon="4.675296">
        <ele>2.110408</ele>
        <time>2026-09-26T22:50:06.902Z</time>
      </trkpt>
      <trkpt lat="51.819210" lon="4.675578">
        <ele>1.937364</ele>
        <time>2026-09-26T22:50:15.588Z</time>
      </trkpt>
      <trkpt lat="51.819142" lon="4.675851">
        <ele>1.791388</ele>
        <time>2026-09-26T22:50:19.282Z</time>
      </trkpt>
      <trkpt lat="51.819182" lon="4.675886">
        <ele>1.754901</ele>
        <time>2026-09-26T22:50:20.192Z</time>
      </trkpt>
      <trkpt lat="51.819217" lon="4.675898">
        <ele>1.726196</ele>
        <time>2026-09-26T22:50:20.928Z</time>
      </trkpt>
      <trkpt lat="51.819368" lon="4.675335">
        <ele>1.421820</ele>
        <time>2026-09-26T22:50:28.967Z</time>
      </trkpt>
      <trkpt lat="51.819412" lon="4.675368">
        <ele>1.382908</ele>
        <time>2026-09-26T22:50:29.964Z</time>
      </trkpt>
      <trkpt lat="51.819682" lon="4.678029">
        <ele>0.486370</ele>
        <time>2026-09-26T22:50:53.132Z</time>
      </trkpt>
      <trkpt lat="51.820089" lon="4.681707">
        <ele>0.030946</ele>
        <time>2026-09-26T22:51:25.236Z</time>
      </trkpt>
      <trkpt lat="51.820272" lon="4.682592">
        <ele>0.042131</ele>
        <time>2026-09-26T22:51:33.249Z</time>
      </trkpt>
      <trkpt lat="51.820583" lon="4.683452">
        <ele>0.054074</ele>
        <time>2026-09-26T22:51:41.812Z</time>
      </trkpt>
      <trkpt lat="51.820988" lon="4.683708">
        <ele>0.062505</ele>
        <time>2026-09-26T22:51:47.848Z</time>
      </trkpt>
      <trkpt lat="51.821438" lon="4.683800">
        <ele>0.164800</ele>
        <time>2026-09-26T22:51:54.165Z</time>
      </trkpt>
      <trkpt lat="51.821893" lon="4.683526">
        <ele>0.324051</ele>
        <time>2026-09-26T22:52:00.904Z</time>
      </trkpt>
      <trkpt lat="51.822048" lon="4.683064">
        <ele>0.430630</ele>
        <time>2026-09-26T22:52:05.426Z</time>
      </trkpt>
      <trkpt lat="51.822048" lon="4.683060">
        <ele>0.431441</ele>
        <time>2026-09-26T22:52:05.457Z</time>
      </trkpt>
      <trkpt lat="51.822069" lon="4.682177">
        <ele>0.610600</ele>
        <time>2026-09-26T22:52:13.048Z</time>
      </trkpt>
      <trkpt lat="51.822089" lon="4.682157">
        <ele>0.618312</ele>
        <time>2026-09-26T22:52:13.375Z</time>
      </trkpt>
      <trkpt lat="51.822125" lon="4.682203">
        <ele>0.633360</ele>
        <time>2026-09-26T22:52:14.674Z</time>
      </trkpt>
      <trkpt lat="51.822147" lon="4.682412">
        <ele>0.678273</ele>
        <time>2026-09-26T22:52:18.395Z</time>
      </trkpt>
      <trkpt lat="51.822164" lon="4.682730">
        <ele>0.748949</ele>
        <time>2026-09-26T22:52:23.840Z</time>
      </trkpt>
      <trkpt lat="51.822338" lon="4.682712">
        <ele>0.811409</ele>
        <time>2026-09-26T22:52:28.557Z</time>
      </trkpt>
      <trkpt lat="51.822328" lon="4.682228">
        <ele>0.918638</ele>
        <time>2026-09-26T22:52:36.436Z</time>
      </trkpt>
      <trkpt lat="51.822414" lon="4.682214">
        <ele>0.949602</ele>
        <time>2026-09-26T22:52:38.748Z</time>
      </trkpt>
      <trkpt lat="51.822398" lon="4.682054">
        <ele>0.985490</ele>
        <time>2026-09-26T22:52:41.253Z</time>
      </trkpt>
      <trkpt lat="51.822340" lon="4.681749">
        <ele>1.056149</ele>
        <time>2026-09-26T22:52:46.332Z</time>
      </trkpt>
      <trkpt lat="51.822171" lon="4.681195">
        <ele>1.192944</ele>
        <time>2026-09-26T22:52:56.222Z</time>
      </trkpt>
      <trkpt lat="51.822144" lon="4.680619">
        <ele>1.301504</ele>
        <time>2026-09-26T22:53:05.302Z</time>
      </trkpt>
      <trkpt lat="51.822143" lon="4.680431">
        <ele>1.304980</ele>
        <time>2026-09-26T22:53:08.032Z</time>
      </trkpt>
      <trkpt lat="51.822158" lon="4.679682">
        <ele>1.318834</ele>
        <time>2026-09-26T22:53:18.633Z</time>
      </trkpt>
      <trkpt lat="51.822222" lon="4.678362">
        <ele>1.343312</ele>
        <time>2026-09-26T22:53:38.842Z</time>
      </trkpt>
      <trkpt lat="51.822348" lon="4.677485">
        <ele>1.339207</ele>
        <time>2026-09-26T22:53:52.729Z</time>
      </trkpt>
      <trkpt lat="51.822406" lon="4.677419">
        <ele>1.334472</ele>
        <time>2026-09-26T22:53:54.472Z</time>
      </trkpt>
      <trkpt lat="51.822454" lon="4.677300">
        <ele>1.328608</ele>
        <time>2026-09-26T22:53:56.643Z</time>
      </trkpt>
      <trkpt lat="51.822511" lon="4.677158">
        <ele>1.321620</ele>
        <time>2026-09-26T22:53:59.248Z</time>
      </trkpt>
      <trkpt lat="51.822470" lon="4.676925">
        <ele>1.311621</ele>
        <time>2026-09-26T22:54:01.944Z</time>
      </trkpt>
      <trkpt lat="51.822507" lon="4.676664">
        <ele>1.300570</ele>
        <time>2026-09-26T22:54:04.902Z</time>
      </trkpt>
      <trkpt lat="51.822604" lon="4.676298">
        <ele>1.284134</ele>
        <time>2026-09-26T22:54:09.181Z</time>
      </trkpt>
      <trkpt lat="51.822939" lon="4.675417">
        <ele>1.241444</ele>
        <time>2026-09-26T22:54:19.865Z</time>
      </trkpt>
      <trkpt lat="51.823284" lon="4.674704">
        <ele>1.181513</ele>
        <time>2026-09-26T22:54:29.183Z</time>
      </trkpt>
      <trkpt lat="51.823704" lon="4.674028">
        <ele>1.111564</ele>
        <time>2026-09-26T22:54:39.161Z</time>
      </trkpt>
      <trkpt lat="51.824001" lon="4.673646">
        <ele>1.066766</ele>
        <time>2026-09-26T22:54:45.867Z</time>
      </trkpt>
      <trkpt lat="51.824251" lon="4.673385">
        <ele>1.031637</ele>
        <time>2026-09-26T22:54:51.306Z</time>
      </trkpt>
      <trkpt lat="51.824591" lon="4.673056">
        <ele>1.018339</ele>
        <time>2026-09-26T22:54:58.561Z</time>
      </trkpt>
      <trkpt lat="51.824918" lon="4.672832">
        <ele>1.015173</ele>
        <time>2026-09-26T22:55:04.946Z</time>
      </trkpt>
      <trkpt lat="51.825434" lon="4.672508">
        <ele>1.010239</ele>
        <time>2026-09-26T22:55:14.633Z</time>
      </trkpt>
      <trkpt lat="51.826239" lon="4.672067">
        <ele>1.012353</ele>
        <time>2026-09-26T22:55:29.469Z</time>
      </trkpt>
      <trkpt lat="51.826817" lon="4.671809">
        <ele>1.028805</ele>
        <time>2026-09-26T22:55:40.498Z</time>
      </trkpt>
      <trkpt lat="51.828019" lon="4.671431">
        <ele>1.066040</ele>
        <time>2026-09-26T22:56:02.808Z</time>
      </trkpt>
      <trkpt lat="51.828775" lon="4.671233">
        <ele>1.096591</ele>
        <time>2026-09-26T22:56:15.677Z</time>
      </trkpt>
      <trkpt lat="51.828824" lon="4.671279">
        <ele>1.098851</ele>
        <time>2026-09-26T22:56:16.674Z</time>
      </trkpt>
      <trkpt lat="51.828860" lon="4.671304">
        <ele>1.100414</ele>
        <time>2026-09-26T22:56:17.402Z</time>
      </trkpt>
      <trkpt lat="51.828904" lon="4.671205">
        <ele>1.103420</ele>
        <time>2026-09-26T22:56:22.618Z</time>
      </trkpt>
      <trkpt lat="51.828860" lon="4.671304">
        <ele>1.106427</ele>
        <time>2026-09-26T22:56:27.833Z</time>
      </trkpt>
      <trkpt lat="51.828884" lon="4.671379">
        <ele>1.108509</ele>
        <time>2026-09-26T22:56:28.694Z</time>
      </trkpt>
      <trkpt lat="51.829239" lon="4.671258">
        <ele>1.122982</ele>
        <time>2026-09-26T22:56:35.336Z</time>
      </trkpt>
      <trkpt lat="51.829479" lon="4.671223">
        <ele>1.187905</ele>
        <time>2026-09-26T22:56:40.157Z</time>
      </trkpt>
      <trkpt lat="51.829639" lon="4.671266">
        <ele>1.249861</ele>
        <time>2026-09-26T22:56:43.559Z</time>
      </trkpt>
      <trkpt lat="51.829773" lon="4.671447">
        <ele>1.316538</ele>
        <time>2026-09-26T22:56:47.322Z</time>
      </trkpt>
      <trkpt lat="51.830080" lon="4.672288">
        <ele>1.547120</ele>
        <time>2026-09-26T22:56:59.941Z</time>
      </trkpt>
      <trkpt lat="51.830307" lon="4.672944">
        <ele>1.724604</ele>
        <time>2026-09-26T22:57:09.286Z</time>
      </trkpt>
      <trkpt lat="51.830344" lon="4.673002">
        <ele>1.744282</ele>
        <time>2026-09-26T22:57:10.244Z</time>
      </trkpt>
      <trkpt lat="51.830414" lon="4.673091">
        <ele>1.778287</ele>
        <time>2026-09-26T22:57:11.877Z</time>
      </trkpt>
      <trkpt lat="51.830522" lon="4.673116">
        <ele>1.803631</ele>
        <time>2026-09-26T22:57:13.820Z</time>
      </trkpt>
      <trkpt lat="51.830650" lon="4.673027">
        <ele>1.728189</ele>
        <time>2026-09-26T22:57:16.229Z</time>
      </trkpt>
      <trkpt lat="51.831066" lon="4.672680">
        <ele>1.474751</ele>
        <time>2026-09-26T22:57:23.840Z</time>
      </trkpt>
      <trkpt lat="51.831597" lon="4.672429">
        <ele>1.175191</ele>
        <time>2026-09-26T22:57:32.232Z</time>
      </trkpt>
      <trkpt lat="51.831878" lon="4.672343">
        <ele>1.020328</ele>
        <time>2026-09-26T22:57:36.480Z</time>
      </trkpt>
      <trkpt lat="51.832200" lon="4.672300">
        <ele>0.845369</ele>
        <time>2026-09-26T22:57:41.316Z</time>
      </trkpt>
      <trkpt lat="51.832467" lon="4.672300">
        <ele>0.759873</ele>
        <time>2026-09-26T22:57:45.419Z</time>
      </trkpt>
      <trkpt lat="51.832589" lon="4.672339">
        <ele>0.721275</ele>
        <time>2026-09-26T22:57:47.341Z</time>
      </trkpt>
      <trkpt lat="51.832700" lon="4.672403">
        <ele>0.684701</ele>
        <time>2026-09-26T22:57:49.178Z</time>
      </trkpt>
      <trkpt lat="51.832926" lon="4.672670">
        <ele>0.597851</ele>
        <time>2026-09-26T22:57:53.657Z</time>
      </trkpt>
      <trkpt lat="51.833487" lon="4.673432">
        <ele>0.370521</ele>
        <time>2026-09-26T22:58:06.269Z</time>
      </trkpt>
      <trkpt lat="51.833809" lon="4.673680">
        <ele>0.303346</ele>
        <time>2026-09-26T22:58:12.683Z</time>
      </trkpt>
      <trkpt lat="51.834047" lon="4.673968">
        <ele>0.401116</ele>
        <time>2026-09-26T22:58:18.074Z</time>
      </trkpt>
      <trkpt lat="51.834488" lon="4.674936">
        <ele>0.645607</ele>
        <time>2026-09-26T22:58:32.062Z</time>
      </trkpt>
      <trkpt lat="51.834737" lon="4.675377">
        <ele>0.767050</ele>
        <time>2026-09-26T22:58:39.666Z</time>
      </trkpt>
      <trkpt lat="51.834837" lon="4.675503">
        <ele>0.808745</ele>
        <time>2026-09-26T22:58:42.285Z</time>
      </trkpt>
      <trkpt lat="51.835050" lon="4.675639">
        <ele>0.885449</ele>
        <time>2026-09-26T22:58:47.165Z</time>
      </trkpt>
      <trkpt lat="51.835418" lon="4.675701">
        <ele>1.021843</ele>
        <time>2026-09-26T22:58:55.045Z</time>
      </trkpt>
      <trkpt lat="51.835558" lon="4.675623">
        <ele>1.076426</ele>
        <time>2026-09-26T22:58:58.013Z</time>
      </trkpt>
      <trkpt lat="51.835860" lon="4.675258">
        <ele>1.215377</ele>
        <time>2026-09-26T22:59:05.715Z</time>
      </trkpt>
      <trkpt lat="51.835962" lon="4.675185">
        <ele>1.256491</ele>
        <time>2026-09-26T22:59:08.055Z</time>
      </trkpt>
      <trkpt lat="51.836072" lon="4.675161">
        <ele>1.297409</ele>
        <time>2026-09-26T22:59:10.344Z</time>
      </trkpt>
      <trkpt lat="51.836187" lon="4.675207">
        <ele>1.341079</ele>
        <time>2026-09-26T22:59:12.752Z</time>
      </trkpt>
      <trkpt lat="51.836539" lon="4.675511">
        <ele>1.488162</ele>
        <time>2026-09-26T22:59:20.196Z</time>
      </trkpt>
      <trkpt lat="51.836615" lon="4.675559">
        <ele>1.518237</ele>
        <time>2026-09-26T22:59:21.622Z</time>
      </trkpt>
      <trkpt lat="51.837289" lon="4.675756">
        <ele>1.361088</ele>
        <time>2026-09-26T22:59:32.540Z</time>
      </trkpt>
      <trkpt lat="51.837508" lon="4.675912">
        <ele>1.295519</ele>
        <time>2026-09-26T22:59:36.251Z</time>
      </trkpt>
      <trkpt lat="51.837660" lon="4.676161">
        <ele>1.236252</ele>
        <time>2026-09-26T22:59:39.937Z</time>
      </trkpt>
      <trkpt lat="51.837713" lon="4.676313">
        <ele>1.206699</ele>
        <time>2026-09-26T22:59:41.868Z</time>
      </trkpt>
      <trkpt lat="51.837905" lon="4.677227">
        <ele>1.043239</ele>
        <time>2026-09-26T22:59:52.221Z</time>
      </trkpt>
      <trkpt lat="51.838025" lon="4.677452">
        <ele>0.958736</ele>
        <time>2026-09-26T22:59:55.217Z</time>
      </trkpt>
      <trkpt lat="51.838380" lon="4.677907">
        <ele>0.749740</ele>
        <time>2026-09-26T23:00:02.210Z</time>
      </trkpt>
      <trkpt lat="51.838907" lon="4.678585">
        <ele>0.439034</ele>
        <time>2026-09-26T23:00:13.033Z</time>
      </trkpt>
      <trkpt lat="51.838963" lon="4.678662">
        <ele>0.405120</ele>
        <time>2026-09-26T23:00:14.176Z</time>
      </trkpt>
      <trkpt lat="51.839871" lon="4.680028">
        <ele>0.001946</ele>
        <time>2026-09-26T23:00:33.886Z</time>
      </trkpt>
      <trkpt lat="51.839873" lon="4.680032">
        <ele>0.001132</ele>
        <time>2026-09-26T23:00:33.936Z</time>
      </trkpt>
      <trkpt lat="51.840226" lon="4.680850">
        <ele>-0.156799</ele>
        <time>2026-09-26T23:00:44.111Z</time>
      </trkpt>
      <trkpt lat="51.840330" lon="4.681301">
        <ele>-0.232995</ele>
        <time>2026-09-26T23:00:49.344Z</time>
      </trkpt>
      <trkpt lat="51.840399" lon="4.681492">
        <ele>-0.203010</ele>
        <time>2026-09-26T23:00:51.970Z</time>
      </trkpt>
      <trkpt lat="51.840470" lon="4.681709">
        <ele>-0.115452</ele>
        <time>2026-09-26T23:00:55.054Z</time>
      </trkpt>
      <trkpt lat="51.840499" lon="4.681847">
        <ele>-0.063476</ele>
        <time>2026-09-26T23:00:56.958Z</time>
      </trkpt>
      <trkpt lat="51.840484" lon="4.682062">
        <ele>0.013676</ele>
        <time>2026-09-26T23:00:59.753Z</time>
      </trkpt>
      <trkpt lat="51.840596" lon="4.682015">
        <ele>0.080451</ele>
        <time>2026-09-26T23:01:02.124Z</time>
      </trkpt>
      <trkpt lat="51.840668" lon="4.681988">
        <ele>0.123105</ele>
        <time>2026-09-26T23:01:03.644Z</time>
      </trkpt>
      <trkpt lat="51.840765" lon="4.681946">
        <ele>0.181055</ele>
        <time>2026-09-26T23:01:05.727Z</time>
      </trkpt>
      <trkpt lat="51.840778" lon="4.681963">
        <ele>0.190701</ele>
        <time>2026-09-26T23:01:06.091Z</time>
      </trkpt>
      <trkpt lat="51.841269" lon="4.681978">
        <ele>0.474120</ele>
        <time>2026-09-26T23:01:16.317Z</time>
      </trkpt>
      <trkpt lat="51.841531" lon="4.682050">
        <ele>0.627491</ele>
        <time>2026-09-26T23:01:22.268Z</time>
      </trkpt>
      <trkpt lat="51.841963" lon="4.682180">
        <ele>0.811086</ele>
        <time>2026-09-26T23:01:31.940Z</time>
      </trkpt>
      <trkpt lat="51.842398" lon="4.682230">
        <ele>0.869321</ele>
        <time>2026-09-26T23:01:40.851Z</time>
      </trkpt>
      <trkpt lat="51.843279" lon="4.681872">
        <ele>0.990618</ele>
        <time>2026-09-26T23:01:56.614Z</time>
      </trkpt>
      <trkpt lat="51.844218" lon="4.681556">
        <ele>0.774857</ele>
        <time>2026-09-26T23:02:12.169Z</time>
      </trkpt>
      <trkpt lat="51.844207" lon="4.681396">
        <ele>0.736533</ele>
        <time>2026-09-26T23:02:13.749Z</time>
      </trkpt>
      <trkpt lat="51.844239" lon="4.681237">
        <ele>0.696724</ele>
        <time>2026-09-26T23:02:15.388Z</time>
      </trkpt>
      <trkpt lat="51.844966" lon="4.679709">
        <ele>0.313941</ele>
        <time>2026-09-26T23:02:34.616Z</time>
      </trkpt>
      <trkpt lat="51.845255" lon="4.678873">
        <ele>0.260791</ele>
        <time>2026-09-26T23:02:44.737Z</time>
      </trkpt>
      <trkpt lat="51.845696" lon="4.677489">
        <ele>0.178792</ele>
        <time>2026-09-26T23:03:02.175Z</time>
      </trkpt>
      <trkpt lat="51.845998" lon="4.676176">
        <ele>0.382678</ele>
        <time>2026-09-26T23:03:18.997Z</time>
      </trkpt>
      <trkpt lat="51.846093" lon="4.675790">
        <ele>0.443143</ele>
        <time>2026-09-26T23:03:23.984Z</time>
      </trkpt>
      <trkpt lat="51.846134" lon="4.675664">
        <ele>0.463867</ele>
        <time>2026-09-26T23:03:25.674Z</time>
      </trkpt>
      <trkpt lat="51.846347" lon="4.675096">
        <ele>0.560560</ele>
        <time>2026-09-26T23:03:33.390Z</time>
      </trkpt>
      <trkpt lat="51.846591" lon="4.674579">
        <ele>0.581555</ele>
        <time>2026-09-26T23:03:40.691Z</time>
      </trkpt>
      <trkpt lat="51.847126" lon="4.673359">
        <ele>0.512517</ele>
        <time>2026-09-26T23:03:56.865Z</time>
      </trkpt>
      <trkpt lat="51.847328" lon="4.672996">
        <ele>0.489973</ele>
        <time>2026-09-26T23:04:01.913Z</time>
      </trkpt>
      <trkpt lat="51.847744" lon="4.672644">
        <ele>0.452552</ele>
        <time>2026-09-26T23:04:09.875Z</time>
      </trkpt>
      <trkpt lat="51.847818" lon="4.672591">
        <ele>0.445087</ele>
        <time>2026-09-26T23:04:11.280Z</time>
      </trkpt>
      <trkpt lat="51.848130" lon="4.672490">
        <ele>0.415733</ele>
        <time>2026-09-26T23:04:16.783Z</time>
      </trkpt>
      <trkpt lat="51.848890" lon="4.671982">
        <ele>0.339876</ele>
        <time>2026-09-26T23:04:30.979Z</time>
      </trkpt>
      <trkpt lat="51.849580" lon="4.671527">
        <ele>0.275589</ele>
        <time>2026-09-26T23:04:44.310Z</time>
      </trkpt>
      <trkpt lat="51.850698" lon="4.670680">
        <ele>0.179892</ele>
        <time>2026-09-26T23:05:05.854Z</time>
      </trkpt>
      <trkpt lat="51.851093" lon="4.670379">
        <ele>0.140772</ele>
        <time>2026-09-26T23:05:13.395Z</time>
      </trkpt>
      <trkpt lat="51.851228" lon="4.670356">
        <ele>0.126142</ele>
        <time>2026-09-26T23:05:15.677Z</time>
      </trkpt>
      <trkpt lat="51.851317" lon="4.670367">
        <ele>0.116522</ele>
        <time>2026-09-26T23:05:17.176Z</time>
      </trkpt>
      <trkpt lat="51.851383" lon="4.670336">
        <ele>0.109116</ele>
        <time>2026-09-26T23:05:18.344Z</time>
      </trkpt>
      <trkpt lat="51.851737" lon="4.670059">
        <ele>0.066741</ele>
        <time>2026-09-26T23:05:24.920Z</time>
      </trkpt>
      <trkpt lat="51.851915" lon="4.669849">
        <ele>0.043003</ele>
        <time>2026-09-26T23:05:28.648Z</time>
      </trkpt>
      <trkpt lat="51.852148" lon="4.669681">
        <ele>0.015514</ele>
        <time>2026-09-26T23:05:33.094Z</time>
      </trkpt>
      <trkpt lat="51.853024" lon="4.668989">
        <ele>-0.100495</ele>
        <time>2026-09-26T23:05:50.716Z</time>
      </trkpt>
      <trkpt lat="51.853339" lon="4.668724">
        <ele>-0.146342</ele>
        <time>2026-09-26T23:05:56.901Z</time>
      </trkpt>
      <trkpt lat="51.854008" lon="4.667858">
        <ele>-0.256965</ele>
        <time>2026-09-26T23:06:11.133Z</time>
      </trkpt>
      <trkpt lat="51.854487" lon="4.666889">
        <ele>-0.358496</ele>
        <time>2026-09-26T23:06:24.189Z</time>
      </trkpt>
      <trkpt lat="51.854541" lon="4.666817">
        <ele>-0.367786</ele>
        <time>2026-09-26T23:06:25.443Z</time>
      </trkpt>
      <trkpt lat="51.854614" lon="4.666644">
        <ele>-0.384971</ele>
        <time>2026-09-26T23:06:27.714Z</time>
      </trkpt>
      <trkpt lat="51.854681" lon="4.666493">
        <ele>-0.400221</ele>
        <time>2026-09-26T23:06:29.709Z</time>
      </trkpt>
      <trkpt lat="51.854744" lon="4.666342">
        <ele>-0.415168</ele>
        <time>2026-09-26T23:06:31.654Z</time>
      </trkpt>
      <trkpt lat="51.854794" lon="4.666188">
        <ele>-0.429438</ele>
        <time>2026-09-26T23:06:33.527Z</time>
      </trkpt>
      <trkpt lat="51.854826" lon="4.665964">
        <ele>-0.448296</ele>
        <time>2026-09-26T23:06:35.975Z</time>
      </trkpt>
      <trkpt lat="51.855056" lon="4.665521">
        <ele>-0.495765</ele>
        <time>2026-09-26T23:06:42.111Z</time>
      </trkpt>
      <trkpt lat="51.855290" lon="4.665094">
        <ele>-0.500004</ele>
        <time>2026-09-26T23:06:48.190Z</time>
      </trkpt>
      <trkpt lat="51.855908" lon="4.664339">
        <ele>-0.484976</ele>
        <time>2026-09-26T23:07:01.284Z</time>
      </trkpt>
      <trkpt lat="51.856385" lon="4.663601">
        <ele>-0.472168</ele>
        <time>2026-09-26T23:07:13.053Z</time>
      </trkpt>
      <trkpt lat="51.856628" lon="4.662998">
        <ele>-0.016124</ele>
        <time>2026-09-26T23:07:22.470Z</time>
      </trkpt>
      <trkpt lat="51.856744" lon="4.662480">
        <ele>0.413680</ele>
        <time>2026-09-26T23:07:30.480Z</time>
      </trkpt>
      <trkpt lat="51.856790" lon="4.662004">
        <ele>0.789500</ele>
        <time>2026-09-26T23:07:37.894Z</time>
      </trkpt>
      <trkpt lat="51.856774" lon="4.660459">
        <ele>1.929733</ele>
        <time>2026-09-26T23:08:02.735Z</time>
      </trkpt>
      <trkpt lat="51.856791" lon="4.660325">
        <ele>2.000580</ele>
        <time>2026-09-26T23:08:04.925Z</time>
      </trkpt>
      <trkpt lat="51.856849" lon="4.660179">
        <ele>2.090484</ele>
        <time>2026-09-26T23:08:07.677Z</time>
      </trkpt>
      <trkpt lat="51.856973" lon="4.660090">
        <ele>2.204219</ele>
        <time>2026-09-26T23:08:10.972Z</time>
      </trkpt>
      <trkpt lat="51.857250" lon="4.660079">
        <ele>2.436561</ele>
        <time>2026-09-26T23:08:17.370Z</time>
      </trkpt>
      <trkpt lat="51.857273" lon="4.660078">
        <ele>2.455854</ele>
        <time>2026-09-26T23:08:17.878Z</time>
      </trkpt>
      <trkpt lat="51.857437" lon="4.660075">
        <ele>2.593381</ele>
        <time>2026-09-26T23:08:21.447Z</time>
      </trkpt>
      <trkpt lat="51.857469" lon="4.660074">
        <ele>2.620218</ele>
        <time>2026-09-26T23:08:22.141Z</time>
      </trkpt>
      <trkpt lat="51.857761" lon="4.659981">
        <ele>2.869760</ele>
        <time>2026-09-26T23:08:28.265Z</time>
      </trkpt>
      <trkpt lat="51.857956" lon="4.659952">
        <ele>3.033961</ele>
        <time>2026-09-26T23:08:32.078Z</time>
      </trkpt>
      <trkpt lat="51.858088" lon="4.659881">
        <ele>3.150594</ele>
        <time>2026-09-26T23:08:34.729Z</time>
      </trkpt>
      <trkpt lat="51.859205" lon="4.659627">
        <ele>2.945331</ele>
        <time>2026-09-26T23:08:54.490Z</time>
      </trkpt>
      <trkpt lat="51.859439" lon="4.659641">
        <ele>2.854533</ele>
        <time>2026-09-26T23:08:58.406Z</time>
      </trkpt>
      <trkpt lat="51.859528" lon="4.659576">
        <ele>2.816673</ele>
        <time>2026-09-26T23:08:59.889Z</time>
      </trkpt>
      <trkpt lat="51.859592" lon="4.659589">
        <ele>2.791662</ele>
        <time>2026-09-26T23:09:00.824Z</time>
      </trkpt>
      <trkpt lat="51.859663" lon="4.659603">
        <ele>2.763927</ele>
        <time>2026-09-26T23:09:01.829Z</time>
      </trkpt>
      <trkpt lat="51.859758" lon="4.659693">
        <ele>2.721248</ele>
        <time>2026-09-26T23:09:03.436Z</time>
      </trkpt>
      <trkpt lat="51.859986" lon="4.659887">
        <ele>2.621373</ele>
        <time>2026-09-26T23:09:07.197Z</time>
      </trkpt>
      <trkpt lat="51.860288" lon="4.659995">
        <ele>2.421806</ele>
        <time>2026-09-26T23:09:11.784Z</time>
      </trkpt>
      <trkpt lat="51.860344" lon="4.659997">
        <ele>2.384420</ele>
        <time>2026-09-26T23:09:12.618Z</time>
      </trkpt>
      <trkpt lat="51.860414" lon="4.660002">
        <ele>2.337653</ele>
        <time>2026-09-26T23:09:13.685Z</time>
      </trkpt>
      <trkpt lat="51.860614" lon="4.660029">
        <ele>2.203701</ele>
        <time>2026-09-26T23:09:16.714Z</time>
      </trkpt>
      <trkpt lat="51.860691" lon="4.659962">
        <ele>2.145358</ele>
        <time>2026-09-26T23:09:18.008Z</time>
      </trkpt>
      <trkpt lat="51.860827" lon="4.659155">
        <ele>1.800553</ele>
        <time>2026-09-26T23:09:25.890Z</time>
      </trkpt>
      <trkpt lat="51.861277" lon="4.658282">
        <ele>1.441881</ele>
        <time>2026-09-26T23:09:36.993Z</time>
      </trkpt>
      <trkpt lat="51.861343" lon="4.658079">
        <ele>1.478152</ele>
        <time>2026-09-26T23:09:39.584Z</time>
      </trkpt>
      <trkpt lat="51.861469" lon="4.657458">
        <ele>1.581496</ele>
        <time>2026-09-26T23:09:46.891Z</time>
      </trkpt>
      <trkpt lat="51.861497" lon="4.657321">
        <ele>1.604311</ele>
        <time>2026-09-26T23:09:48.492Z</time>
      </trkpt>
      <trkpt lat="51.861677" lon="4.656410">
        <ele>1.755533</ele>
        <time>2026-09-26T23:10:00.155Z</time>
      </trkpt>
      <trkpt lat="51.861651" lon="4.655461">
        <ele>1.960715</ele>
        <time>2026-09-26T23:10:12.516Z</time>
      </trkpt>
      <trkpt lat="51.861687" lon="4.655259">
        <ele>2.047913</ele>
        <time>2026-09-26T23:10:15.318Z</time>
      </trkpt>
      <trkpt lat="51.861794" lon="4.655069">
        <ele>2.154561</ele>
        <time>2026-09-26T23:10:18.801Z</time>
      </trkpt>
      <trkpt lat="51.862122" lon="4.654928">
        <ele>2.382473</ele>
        <time>2026-09-26T23:10:26.399Z</time>
      </trkpt>
      <trkpt lat="51.862173" lon="4.654916">
        <ele>2.417083</ele>
        <time>2026-09-26T23:10:27.516Z</time>
      </trkpt>
      <trkpt lat="51.862660" lon="4.654762">
        <ele>2.750326</ele>
        <time>2026-09-26T23:10:38.693Z</time>
      </trkpt>
      <trkpt lat="51.862722" lon="4.654715">
        <ele>2.796302</ele>
        <time>2026-09-26T23:10:40.220Z</time>
      </trkpt>
      <trkpt lat="51.862842" lon="4.654490">
        <ele>2.919601</ele>
        <time>2026-09-26T23:10:43.943Z</time>
      </trkpt>
      <trkpt lat="51.863002" lon="4.653889">
        <ele>3.024365</ele>
        <time>2026-09-26T23:10:51.278Z</time>
      </trkpt>
      <trkpt lat="51.863056" lon="4.653593">
        <ele>2.960587</ele>
        <time>2026-09-26T23:10:54.577Z</time>
      </trkpt>
      <trkpt lat="51.863123" lon="4.653511">
        <ele>2.932486</ele>
        <time>2026-09-26T23:10:56.012Z</time>
      </trkpt>
      <trkpt lat="51.863182" lon="4.653346">
        <ele>2.893088</ele>
        <time>2026-09-26T23:10:58.031Z</time>
      </trkpt>
      <trkpt lat="51.863200" lon="4.653295">
        <ele>2.880950</ele>
        <time>2026-09-26T23:10:58.640Z</time>
      </trkpt>
      <trkpt lat="51.863246" lon="4.653344">
        <ele>2.862526</ele>
        <time>2026-09-26T23:10:59.924Z</time>
      </trkpt>
      <trkpt lat="51.863332" lon="4.653143">
        <ele>2.811998</ele>
        <time>2026-09-26T23:11:02.443Z</time>
      </trkpt>
      <trkpt lat="51.863428" lon="4.652938">
        <ele>2.758835</ele>
        <time>2026-09-26T23:11:05.032Z</time>
      </trkpt>
      <trkpt lat="51.863452" lon="4.652893">
        <ele>2.746549</ele>
        <time>2026-09-26T23:11:05.626Z</time>
      </trkpt>
      <trkpt lat="51.863612" lon="4.652601">
        <ele>2.665884</ele>
        <time>2026-09-26T23:11:09.412Z</time>
      </trkpt>
      <trkpt lat="51.864168" lon="4.651465">
        <ele>2.392556</ele>
        <time>2026-09-26T23:11:22.927Z</time>
      </trkpt>
      <trkpt lat="51.864358" lon="4.650884">
        <ele>2.288595</ele>
        <time>2026-09-26T23:11:29.579Z</time>
      </trkpt>
      <trkpt lat="51.864465" lon="4.650397">
        <ele>2.206858</ele>
        <time>2026-09-26T23:11:35.176Z</time>
      </trkpt>
      <trkpt lat="51.864526" lon="4.649936">
        <ele>2.132306</ele>
        <time>2026-09-26T23:11:40.457Z</time>
      </trkpt>
      <trkpt lat="51.864532" lon="4.649869">
        <ele>2.121600</ele>
        <time>2026-09-26T23:11:41.200Z</time>
      </trkpt>
      <trkpt lat="51.864648" lon="4.648982">
        <ele>1.985561</ele>
        <time>2026-09-26T23:11:51.254Z</time>
      </trkpt>
      <trkpt lat="51.864803" lon="4.648374">
        <ele>1.901030</ele>
        <time>2026-09-26T23:11:58.434Z</time>
      </trkpt>
      <trkpt lat="51.864845" lon="4.647277">
        <ele>1.759783</ele>
        <time>2026-09-26T23:12:09.514Z</time>
      </trkpt>
      <trkpt lat="51.864874" lon="4.647122">
        <ele>1.738970</ele>
        <time>2026-09-26T23:12:11.088Z</time>
      </trkpt>
      <trkpt lat="51.864986" lon="4.646865">
        <ele>1.698546</ele>
        <time>2026-09-26T23:12:14.200Z</time>
      </trkpt>
      <trkpt lat="51.865545" lon="4.646054">
        <ele>1.676308</ele>
        <time>2026-09-26T23:12:26.809Z</time>
      </trkpt>
      <trkpt lat="51.866019" lon="4.645600">
        <ele>1.714146</ele>
        <time>2026-09-26T23:12:36.847Z</time>
      </trkpt>
      <trkpt lat="51.866174" lon="4.645350">
        <ele>1.729177</ele>
        <time>2026-09-26T23:12:41.102Z</time>
      </trkpt>
      <trkpt lat="51.866599" lon="4.644393">
        <ele>1.772774</ele>
        <time>2026-09-26T23:12:55.417Z</time>
      </trkpt>
      <trkpt lat="51.866850" lon="4.644018">
        <ele>1.784240</ele>
        <time>2026-09-26T23:13:01.702Z</time>
      </trkpt>
      <trkpt lat="51.867288" lon="4.643494">
        <ele>1.802523</ele>
        <time>2026-09-26T23:13:11.384Z</time>
      </trkpt>
      <trkpt lat="51.867550" lon="4.643062">
        <ele>1.815077</ele>
        <time>2026-09-26T23:13:18.034Z</time>
      </trkpt>
      <trkpt lat="51.867596" lon="4.642988">
        <ele>1.817253</ele>
        <time>2026-09-26T23:13:19.129Z</time>
      </trkpt>
      <trkpt lat="51.868326" lon="4.641724">
        <ele>1.866244</ele>
        <time>2026-09-26T23:13:37.199Z</time>
      </trkpt>
      <trkpt lat="51.868597" lon="4.641245">
        <ele>1.886478</ele>
        <time>2026-09-26T23:13:44.436Z</time>
      </trkpt>
      <trkpt lat="51.868874" lon="4.640739">
        <ele>1.907538</ele>
        <time>2026-09-26T23:13:52.126Z</time>
      </trkpt>
      <trkpt lat="51.869226" lon="4.640217">
        <ele>1.969261</ele>
        <time>2026-09-26T23:14:01.558Z</time>
      </trkpt>
      <trkpt lat="51.869589" lon="4.639743">
        <ele>2.056674</ele>
        <time>2026-09-26T23:14:11.203Z</time>
      </trkpt>
      <trkpt lat="51.869786" lon="4.639471">
        <ele>2.105204</ele>
        <time>2026-09-26T23:14:16.467Z</time>
      </trkpt>
      <trkpt lat="51.869951" lon="4.639220">
        <ele>2.147641</ele>
        <time>2026-09-26T23:14:20.751Z</time>
      </trkpt>
      <trkpt lat="51.870438" lon="4.638367">
        <ele>2.186022</ele>
        <time>2026-09-26T23:14:33.089Z</time>
      </trkpt>
      <trkpt lat="51.870507" lon="4.638201">
        <ele>2.127293</ele>
        <time>2026-09-26T23:14:35.070Z</time>
      </trkpt>
      <trkpt lat="51.870597" lon="4.637788">
        <ele>1.998758</ele>
        <time>2026-09-26T23:14:39.268Z</time>
      </trkpt>
      <trkpt lat="51.870643" lon="4.636662">
        <ele>1.667575</ele>
        <time>2026-09-26T23:14:49.866Z</time>
      </trkpt>
      <trkpt lat="51.870752" lon="4.636272">
        <ele>1.541938</ele>
        <time>2026-09-26T23:14:53.881Z</time>
      </trkpt>
      <trkpt lat="51.870938" lon="4.635913">
        <ele>1.404400</ele>
        <time>2026-09-26T23:14:58.491Z</time>
      </trkpt>
      <trkpt lat="51.871211" lon="4.635556">
        <ele>1.543481</ele>
        <time>2026-09-26T23:15:04.670Z</time>
      </trkpt>
      <trkpt lat="51.871356" lon="4.635442">
        <ele>1.611172</ele>
        <time>2026-09-26T23:15:07.747Z</time>
      </trkpt>
      <trkpt lat="51.871496" lon="4.635432">
        <ele>1.670025</ele>
        <time>2026-09-26T23:15:10.578Z</time>
      </trkpt>
      <trkpt lat="51.871621" lon="4.635473">
        <ele>1.723587</ele>
        <time>2026-09-26T23:15:13.239Z</time>
      </trkpt>
      <trkpt lat="51.871784" lon="4.635585">
        <ele>1.797947</ele>
        <time>2026-09-26T23:15:17.065Z</time>
      </trkpt>
      <trkpt lat="51.872061" lon="4.635935">
        <ele>1.945491</ele>
        <time>2026-09-26T23:15:24.705Z</time>
      </trkpt>
      <trkpt lat="51.872208" lon="4.636024">
        <ele>2.011399</ele>
        <time>2026-09-26T23:15:28.074Z</time>
      </trkpt>
      <trkpt lat="51.872315" lon="4.636035">
        <ele>2.056426</ele>
        <time>2026-09-26T23:15:30.352Z</time>
      </trkpt>
      <trkpt lat="51.872529" lon="4.635957">
        <ele>2.148547</ele>
        <time>2026-09-26T23:15:34.969Z</time>
      </trkpt>
      <trkpt lat="51.872671" lon="4.635814">
        <ele>2.149285</ele>
        <time>2026-09-26T23:15:38.409Z</time>
      </trkpt>
      <trkpt lat="51.872704" lon="4.635775">
        <ele>2.147635</ele>
        <time>2026-09-26T23:15:39.238Z</time>
      </trkpt>
      <trkpt lat="51.873088" lon="4.635248">
        <ele>2.127311</ele>
        <time>2026-09-26T23:15:48.957Z</time>
      </trkpt>
      <trkpt lat="51.873223" lon="4.635109">
        <ele>2.120851</ele>
        <time>2026-09-26T23:15:51.898Z</time>
      </trkpt>
      <trkpt lat="51.873412" lon="4.635017">
        <ele>2.112881</ele>
        <time>2026-09-26T23:15:55.382Z</time>
      </trkpt>
      <trkpt lat="51.873622" lon="4.635023">
        <ele>2.104400</ele>
        <time>2026-09-26T23:15:58.856Z</time>
      </trkpt>
      <trkpt lat="51.873793" lon="4.635099">
        <ele>2.097240</ele>
        <time>2026-09-26T23:16:01.634Z</time>
      </trkpt>
      <trkpt lat="51.873846" lon="4.635099">
        <ele>2.095099</ele>
        <time>2026-09-26T23:16:02.484Z</time>
      </trkpt>
      <trkpt lat="51.874007" lon="4.635003">
        <ele>2.088171</ele>
        <time>2026-09-26T23:16:05.164Z</time>
      </trkpt>
      <trkpt lat="51.874199" lon="4.634914">
        <ele>2.067947</ele>
        <time>2026-09-26T23:16:08.215Z</time>
      </trkpt>
      <trkpt lat="51.874356" lon="4.634785">
        <ele>2.028108</ele>
        <time>2026-09-26T23:16:10.880Z</time>
      </trkpt>
      <trkpt lat="51.874724" lon="4.634463">
        <ele>1.933455</ele>
        <time>2026-09-26T23:16:17.385Z</time>
      </trkpt>
      <trkpt lat="51.874860" lon="4.634389">
        <ele>1.900988</ele>
        <time>2026-09-26T23:16:19.760Z</time>
      </trkpt>
      <trkpt lat="51.875492" lon="4.634203">
        <ele>1.755625</ele>
        <time>2026-09-26T23:16:30.544Z</time>
      </trkpt>
      <trkpt lat="51.875724" lon="4.634033">
        <ele>1.698001</ele>
        <time>2026-09-26T23:16:35.229Z</time>
      </trkpt>
      <trkpt lat="51.875780" lon="4.634186">
        <ele>1.681854</ele>
        <time>2026-09-26T23:16:37.266Z</time>
      </trkpt>
      <trkpt lat="51.875724" lon="4.634033">
        <ele>1.741330</ele>
        <time>2026-09-26T23:16:39.451Z</time>
      </trkpt>
      <trkpt lat="51.877080" lon="4.632282">
        <ele>2.643853</ele>
        <time>2026-09-26T23:17:16.301Z</time>
      </trkpt>
      <trkpt lat="51.877665" lon="4.631542">
        <ele>2.564633</ele>
        <time>2026-09-26T23:17:30.135Z</time>
      </trkpt>
      <trkpt lat="51.878082" lon="4.630988">
        <ele>2.507072</ele>
        <time>2026-09-26T23:17:39.086Z</time>
      </trkpt>
      <trkpt lat="51.878309" lon="4.630717">
        <ele>2.476975</ele>
        <time>2026-09-26T23:17:43.539Z</time>
      </trkpt>
      <trkpt lat="51.878732" lon="4.630102">
        <ele>2.302417</ele>
        <time>2026-09-26T23:17:52.254Z</time>
      </trkpt>
      <trkpt lat="51.879405" lon="4.629130">
        <ele>1.942835</ele>
        <time>2026-09-26T23:18:06.500Z</time>
      </trkpt>
      <trkpt lat="51.879785" lon="4.628792">
        <ele>1.769947</ele>
        <time>2026-09-26T23:18:13.797Z</time>
      </trkpt>
      <trkpt lat="51.880255" lon="4.628449">
        <ele>1.910070</ele>
        <time>2026-09-26T23:18:23.216Z</time>
      </trkpt>
      <trkpt lat="51.880629" lon="4.628287">
        <ele>2.058498</ele>
        <time>2026-09-26T23:18:30.777Z</time>
      </trkpt>
      <trkpt lat="51.880689" lon="4.628290">
        <ele>2.081513</ele>
        <time>2026-09-26T23:18:31.982Z</time>
      </trkpt>
      <trkpt lat="51.880846" lon="4.628357">
        <ele>2.143760</ele>
        <time>2026-09-26T23:18:35.246Z</time>
      </trkpt>
      <trkpt lat="51.880930" lon="4.628431">
        <ele>2.180419</ele>
        <time>2026-09-26T23:18:37.215Z</time>
      </trkpt>
      <trkpt lat="51.881200" lon="4.628772">
        <ele>2.311679</ele>
        <time>2026-09-26T23:18:44.378Z</time>
      </trkpt>
      <trkpt lat="51.881480" lon="4.629082">
        <ele>2.432650</ele>
        <time>2026-09-26T23:18:51.571Z</time>
      </trkpt>
      <trkpt lat="51.881676" lon="4.629175">
        <ele>2.449226</ele>
        <time>2026-09-26T23:18:55.933Z</time>
      </trkpt>
      <trkpt lat="51.881880" lon="4.629184">
        <ele>2.465790</ele>
        <time>2026-09-26T23:19:00.318Z</time>
      </trkpt>
      <trkpt lat="51.882507" lon="4.629072">
        <ele>2.516988</ele>
        <time>2026-09-26T23:19:12.164Z</time>
      </trkpt>
      <trkpt lat="51.882634" lon="4.629113">
        <ele>2.527498</ele>
        <time>2026-09-26T23:19:14.304Z</time>
      </trkpt>
      <trkpt lat="51.882849" lon="4.629336">
        <ele>2.548219</ele>
        <time>2026-09-26T23:19:18.452Z</time>
      </trkpt>
      <trkpt lat="51.882946" lon="4.629564">
        <ele>2.562092</ele>
        <time>2026-09-26T23:19:21.168Z</time>
      </trkpt>
      <trkpt lat="51.882974" lon="4.629752">
        <ele>2.571781</ele>
        <time>2026-09-26T23:19:23.055Z</time>
      </trkpt>
      <trkpt lat="51.882979" lon="4.630279">
        <ele>2.567401</ele>
        <time>2026-09-26T23:19:28.156Z</time>
      </trkpt>
      <trkpt lat="51.882993" lon="4.630463">
        <ele>2.563682</ele>
        <time>2026-09-26T23:19:29.944Z</time>
      </trkpt>
      <trkpt lat="51.883042" lon="4.630639">
        <ele>2.559809</ele>
        <time>2026-09-26T23:19:31.826Z</time>
      </trkpt>
      <trkpt lat="51.883283" lon="4.631047">
        <ele>2.548482</ele>
        <time>2026-09-26T23:19:37.505Z</time>
      </trkpt>
      <trkpt lat="51.883648" lon="4.631618">
        <ele>2.531994</ele>
        <time>2026-09-26T23:19:46.722Z</time>
      </trkpt>
      <trkpt lat="51.883806" lon="4.631762">
        <ele>2.526103</ele>
        <time>2026-09-26T23:19:50.576Z</time>
      </trkpt>
      <trkpt lat="51.883896" lon="4.631795">
        <ele>2.523104</ele>
        <time>2026-09-26T23:19:52.544Z</time>
      </trkpt>
      <trkpt lat="51.884092" lon="4.631784">
        <ele>2.510261</ele>
        <time>2026-09-26T23:19:56.794Z</time>
      </trkpt>
      <trkpt lat="51.884389" lon="4.631645">
        <ele>2.436691</ele>
        <time>2026-09-26T23:20:03.415Z</time>
      </trkpt>
      <trkpt lat="51.885119" lon="4.631085">
        <ele>2.244477</ele>
        <time>2026-09-26T23:20:17.847Z</time>
      </trkpt>
      <trkpt lat="51.885312" lon="4.631068">
        <ele>2.198480</ele>
        <time>2026-09-26T23:20:20.695Z</time>
      </trkpt>
      <trkpt lat="51.885427" lon="4.631109">
        <ele>2.170458</ele>
        <time>2026-09-26T23:20:22.412Z</time>
      </trkpt>
      <trkpt lat="51.885900" lon="4.631540">
        <ele>1.947856</ele>
        <time>2026-09-26T23:20:30.195Z</time>
      </trkpt>
      <trkpt lat="51.886002" lon="4.631694">
        <ele>1.850616</ele>
        <time>2026-09-26T23:20:32.210Z</time>
      </trkpt>
      <trkpt lat="51.886210" lon="4.632050">
        <ele>1.639594</ele>
        <time>2026-09-26T23:20:36.579Z</time>
      </trkpt>
      <trkpt lat="51.886671" lon="4.633011">
        <ele>1.115655</ele>
        <time>2026-09-26T23:20:47.757Z</time>
      </trkpt>
      <trkpt lat="51.886727" lon="4.633129">
        <ele>1.051580</ele>
        <time>2026-09-26T23:20:49.355Z</time>
      </trkpt>
      <trkpt lat="51.886938" lon="4.633580">
        <ele>0.853604</ele>
        <time>2026-09-26T23:20:55.456Z</time>
      </trkpt>
      <trkpt lat="51.887217" lon="4.634077">
        <ele>1.047757</ele>
        <time>2026-09-26T23:21:03.403Z</time>
      </trkpt>
      <trkpt lat="51.887440" lon="4.634415">
        <ele>1.190739</ele>
        <time>2026-09-26T23:21:09.701Z</time>
      </trkpt>
      <trkpt lat="51.887622" lon="4.634648">
        <ele>1.299349</ele>
        <time>2026-09-26T23:21:14.552Z</time>
      </trkpt>
      <trkpt lat="51.887774" lon="4.634757">
        <ele>1.377178</ele>
        <time>2026-09-26T23:21:18.237Z</time>
      </trkpt>
      <trkpt lat="51.887957" lon="4.634825">
        <ele>1.465088</ele>
        <time>2026-09-26T23:21:22.473Z</time>
      </trkpt>
      <trkpt lat="51.888502" lon="4.634789">
        <ele>1.632935</ele>
        <time>2026-09-26T23:21:34.214Z</time>
      </trkpt>
      <trkpt lat="51.888706" lon="4.634883">
        <ele>1.530234</ele>
        <time>2026-09-26T23:21:38.466Z</time>
      </trkpt>
      <trkpt lat="51.888891" lon="4.635053">
        <ele>1.427246</ele>
        <time>2026-09-26T23:21:42.536Z</time>
      </trkpt>
      <trkpt lat="51.889154" lon="4.635483">
        <ele>1.246320</ele>
        <time>2026-09-26T23:21:48.509Z</time>
      </trkpt>
      <trkpt lat="51.889291" lon="4.635727">
        <ele>1.147737</ele>
        <time>2026-09-26T23:21:51.570Z</time>
      </trkpt>
      <trkpt lat="51.889382" lon="4.635982">
        <ele>1.059705</ele>
        <time>2026-09-26T23:21:54.207Z</time>
      </trkpt>
      <trkpt lat="51.889257" lon="4.636084">
        <ele>0.991933</ele>
        <time>2026-09-26T23:21:56.199Z</time>
      </trkpt>
      <trkpt lat="51.889275" lon="4.636020">
        <ele>0.970913</ele>
        <time>2026-09-26T23:21:59.203Z</time>
      </trkpt>
      <trkpt lat="51.889257" lon="4.636084">
        <ele>0.949894</ele>
        <time>2026-09-26T23:22:02.208Z</time>
      </trkpt>
      <trkpt lat="51.889133" lon="4.636199">
        <ele>0.880708</ele>
        <time>2026-09-26T23:22:04.221Z</time>
      </trkpt>
      <trkpt lat="51.889078" lon="4.636315">
        <ele>0.836991</ele>
        <time>2026-09-26T23:22:05.496Z</time>
      </trkpt>
      <trkpt lat="51.889042" lon="4.636394">
        <ele>0.807643</ele>
        <time>2026-09-26T23:22:06.338Z</time>
      </trkpt>
      <trkpt lat="51.888954" lon="4.636603">
        <ele>0.692026</ele>
        <time>2026-09-26T23:22:08.544Z</time>
      </trkpt>
      <trkpt lat="51.888829" lon="4.636762">
        <ele>0.573725</ele>
        <time>2026-09-26T23:22:10.817Z</time>
      </trkpt>
      <trkpt lat="51.888548" lon="4.637035">
        <ele>0.329821</ele>
        <time>2026-09-26T23:22:15.402Z</time>
      </trkpt>
      <trkpt lat="51.888228" lon="4.637352">
        <ele>0.050611</ele>
        <time>2026-09-26T23:22:20.963Z</time>
      </trkpt>
      <trkpt lat="51.887706" lon="4.637827">
        <ele>-0.395065</ele>
        <time>2026-09-26T23:22:30.980Z</time>
      </trkpt>
      <trkpt lat="51.887391" lon="4.638106">
        <ele>-0.557571</ele>
        <time>2026-09-26T23:22:37.083Z</time>
      </trkpt>
      <trkpt lat="51.887300" lon="4.638176">
        <ele>-0.572073</ele>
        <time>2026-09-26T23:22:38.799Z</time>
      </trkpt>
      <trkpt lat="51.887245" lon="4.638218">
        <ele>-0.580826</ele>
        <time>2026-09-26T23:22:39.851Z</time>
      </trkpt>
      <trkpt lat="51.887045" lon="4.638394">
        <ele>-0.613592</ele>
        <time>2026-09-26T23:22:43.768Z</time>
      </trkpt>
      <trkpt lat="51.886749" lon="4.638659">
        <ele>-0.662278</ele>
        <time>2026-09-26T23:22:49.728Z</time>
      </trkpt>
      <trkpt lat="51.884167" lon="4.640950">
        <ele>-0.971455</ele>
        <time>2026-09-26T23:23:40.522Z</time>
      </trkpt>
      <trkpt lat="51.883674" lon="4.641387">
        <ele>-0.991295</ele>
        <time>2026-09-26T23:23:50.627Z</time>
      </trkpt>
      <trkpt lat="51.883254" lon="4.641756">
        <ele>-1.008163</ele>
        <time>2026-09-26T23:23:59.201Z</time>
      </trkpt>
      <trkpt lat="51.882849" lon="4.642142">
        <ele>-1.024752</ele>
        <time>2026-09-26T23:24:07.445Z</time>
      </trkpt>
      <trkpt lat="51.882034" lon="4.642894">
        <ele>-1.080365</ele>
        <time>2026-09-26T23:24:23.594Z</time>
      </trkpt>
      <trkpt lat="51.879756" lon="4.644893">
        <ele>-1.189748</ele>
        <time>2026-09-26T23:25:09.241Z</time>
      </trkpt>
      <trkpt lat="51.879661" lon="4.644972">
        <ele>-1.193221</ele>
        <time>2026-09-26T23:25:11.121Z</time>
      </trkpt>
      <trkpt lat="51.879573" lon="4.645048">
        <ele>-1.194027</ele>
        <time>2026-09-26T23:25:12.885Z</time>
      </trkpt>
      <trkpt lat="51.879326" lon="4.645261">
        <ele>-1.196111</ele>
        <time>2026-09-26T23:25:17.838Z</time>
      </trkpt>
      <trkpt lat="51.879235" lon="4.645391">
        <ele>-1.197015</ele>
        <time>2026-09-26T23:25:19.992Z</time>
      </trkpt>
      <trkpt lat="51.879195" lon="4.645500">
        <ele>-1.197598</ele>
        <time>2026-09-26T23:25:21.370Z</time>
      </trkpt>
      <trkpt lat="51.878962" lon="4.646601">
        <ele>-1.202950</ele>
        <time>2026-09-26T23:25:34.112Z</time>
      </trkpt>
      <trkpt lat="51.876310" lon="4.659109">
        <ele>-1.339300</ele>
        <time>2026-09-26T23:27:59.293Z</time>
      </trkpt>
      <trkpt lat="51.875854" lon="4.660878">
        <ele>-1.443970</ele>
        <time>2026-09-26T23:28:19.698Z</time>
      </trkpt>
      <trkpt lat="51.875519" lon="4.662150">
        <ele>-1.546023</ele>
        <time>2026-09-26T23:28:34.172Z</time>
      </trkpt>
      <trkpt lat="51.875198" lon="4.663367">
        <ele>-1.649048</ele>
        <time>2026-09-26T23:28:48.193Z</time>
      </trkpt>
      <trkpt lat="51.875059" lon="4.664032">
        <ele>-1.679593</ele>
        <time>2026-09-26T23:28:55.783Z</time>
      </trkpt>
      <trkpt lat="51.875028" lon="4.664532">
        <ele>-1.671026</ele>
        <time>2026-09-26T23:29:01.300Z</time>
      </trkpt>
      <trkpt lat="51.875120" lon="4.667448">
        <ele>-1.660710</ele>
        <time>2026-09-26T23:29:33.687Z</time>
      </trkpt>
      <trkpt lat="51.875103" lon="4.670567">
        <ele>-1.762933</ele>
        <time>2026-09-26T23:30:07.163Z</time>
      </trkpt>
      <trkpt lat="51.874863" lon="4.672425">
        <ele>-1.817154</ele>
        <time>2026-09-26T23:30:28.092Z</time>
      </trkpt>
      <trkpt lat="51.874826" lon="4.672948">
        <ele>-1.885843</ele>
        <time>2026-09-26T23:30:33.767Z</time>
      </trkpt>
      <trkpt lat="51.874813" lon="4.673144">
        <ele>-1.913504</ele>
        <time>2026-09-26T23:30:35.882Z</time>
      </trkpt>
      <trkpt lat="51.874786" lon="4.673625">
        <ele>-1.981277</ele>
        <time>2026-09-26T23:30:48.994Z</time>
      </trkpt>
      <trkpt lat="51.874764" lon="4.673901">
        <ele>-2.020327</ele>
        <time>2026-09-26T23:30:51.982Z</time>
      </trkpt>
      <trkpt lat="51.874652" lon="4.675293">
        <ele>-2.217305</ele>
        <time>2026-09-26T23:31:05.987Z</time>
      </trkpt>
      <trkpt lat="51.874595" lon="4.675769">
        <ele>-2.282472</ele>
        <time>2026-09-26T23:31:10.884Z</time>
      </trkpt>
      <trkpt lat="51.874590" lon="4.675992">
        <ele>-2.312237</ele>
        <time>2026-09-26T23:31:13.153Z</time>
      </trkpt>
      <trkpt lat="51.874674" lon="4.676482">
        <ele>-2.380068</ele>
        <time>2026-09-26T23:31:18.375Z</time>
      </trkpt>
      <trkpt lat="51.875025" lon="4.677881">
        <ele>-2.581493</ele>
        <time>2026-09-26T23:31:34.089Z</time>
      </trkpt>
      <trkpt lat="51.875090" lon="4.678097">
        <ele>-2.613545</ele>
        <time>2026-09-26T23:31:36.750Z</time>
      </trkpt>
      <trkpt lat="51.875265" lon="4.678686">
        <ele>-2.569187</ele>
        <time>2026-09-26T23:31:44.213Z</time>
      </trkpt>
      <trkpt lat="51.875918" lon="4.680281">
        <ele>-2.428747</ele>
        <time>2026-09-26T23:32:06.049Z</time>
      </trkpt>
      <trkpt lat="51.876413" lon="4.681145">
        <ele>-2.373514</ele>
        <time>2026-09-26T23:32:19.404Z</time>
      </trkpt>
      <trkpt lat="51.876462" lon="4.681278">
        <ele>-2.368087</ele>
        <time>2026-09-26T23:32:21.155Z</time>
      </trkpt>
      <trkpt lat="51.877513" lon="4.685673">
        <ele>-2.323372</ele>
        <time>2026-09-26T23:33:13.086Z</time>
      </trkpt>
      <trkpt lat="51.877593" lon="4.685865">
        <ele>-2.326048</ele>
        <time>2026-09-26T23:33:15.573Z</time>
      </trkpt>
      <trkpt lat="51.878151" lon="4.686806">
        <ele>-2.347746</ele>
        <time>2026-09-26T23:33:29.582Z</time>
      </trkpt>
      <trkpt lat="51.878271" lon="4.687069">
        <ele>-2.353184</ele>
        <time>2026-09-26T23:33:33.125Z</time>
      </trkpt>
      <trkpt lat="51.878371" lon="4.687398">
        <ele>-2.359282</ele>
        <time>2026-09-26T23:33:37.107Z</time>
      </trkpt>
      <trkpt lat="51.878522" lon="4.688195">
        <ele>-2.372705</ele>
        <time>2026-09-26T23:33:46.321Z</time>
      </trkpt>
      <trkpt lat="51.878883" lon="4.690806">
        <ele>-2.244768</ele>
        <time>2026-09-26T23:34:16.495Z</time>
      </trkpt>
      <trkpt lat="51.878906" lon="4.691455">
        <ele>-2.253169</ele>
        <time>2026-09-26T23:34:23.609Z</time>
      </trkpt>
      <trkpt lat="51.879146" lon="4.693984">
        <ele>-2.369655</ele>
        <time>2026-09-26T23:34:50.968Z</time>
      </trkpt>
      <trkpt lat="51.879500" lon="4.696844">
        <ele>-2.400000</ele>
        <time>2026-09-26T23:35:23.045Z</time>
      </trkpt>
      <trkpt lat="51.879590" lon="4.697897">
        <ele>-2.400000</ele>
        <time>2026-09-26T23:35:34.903Z</time>
      </trkpt>
      <trkpt lat="51.879598" lon="4.699153">
        <ele>-2.400000</ele>
        <time>2026-09-26T23:35:48.724Z</time>
      </trkpt>
      <trkpt lat="51.879411" lon="4.700234">
        <ele>-2.377937</ele>
        <time>2026-09-26T23:36:00.886Z</time>
      </trkpt>
      <trkpt lat="51.879341" lon="4.700922">
        <ele>-2.352102</ele>
        <time>2026-09-26T23:36:08.483Z</time>
      </trkpt>
      <trkpt lat="51.879325" lon="4.701702">
        <ele>-2.323187</ele>
        <time>2026-09-26T23:36:17.105Z</time>
      </trkpt>
      <trkpt lat="51.879192" lon="4.702640">
        <ele>-2.280359</ele>
        <time>2026-09-26T23:36:28.052Z</time>
      </trkpt>
      <trkpt lat="51.879133" lon="4.703977">
        <ele>-2.151913</ele>
        <time>2026-09-26T23:36:43.761Z</time>
      </trkpt>
      <trkpt lat="51.878997" lon="4.704674">
        <ele>-2.081865</ele>
        <time>2026-09-26T23:36:52.162Z</time>
      </trkpt>
      <trkpt lat="51.878816" lon="4.706391">
        <ele>-2.043041</ele>
        <time>2026-09-26T23:37:11.560Z</time>
      </trkpt>
      <trkpt lat="51.878769" lon="4.706573">
        <ele>-2.048871</ele>
        <time>2026-09-26T23:37:13.677Z</time>
      </trkpt>
      <trkpt lat="51.878714" lon="4.706677">
        <ele>-2.052919</ele>
        <time>2026-09-26T23:37:15.157Z</time>
      </trkpt>
      <trkpt lat="51.876250" lon="4.709201">
        <ele>-2.315126</ele>
        <time>2026-09-26T23:38:05.419Z</time>
      </trkpt>
      <trkpt lat="51.876199" lon="4.709318">
        <ele>-2.319692</ele>
        <time>2026-09-26T23:38:06.931Z</time>
      </trkpt>
      <trkpt lat="51.876183" lon="4.709541">
        <ele>-2.326850</ele>
        <time>2026-09-26T23:38:09.336Z</time>
      </trkpt>
      <trkpt lat="51.876260" lon="4.710781">
        <ele>-2.366580</ele>
        <time>2026-09-26T23:38:22.744Z</time>
      </trkpt>
      <trkpt lat="51.876360" lon="4.711641">
        <ele>-2.394479</ele>
        <time>2026-09-26T23:38:32.446Z</time>
      </trkpt>
      <trkpt lat="51.876642" lon="4.713406">
        <ele>-2.400000</ele>
        <time>2026-09-26T23:38:52.742Z</time>
      </trkpt>
      <trkpt lat="51.876724" lon="4.713796">
        <ele>-2.400000</ele>
        <time>2026-09-26T23:38:57.284Z</time>
      </trkpt>
      <trkpt lat="51.876770" lon="4.713926">
        <ele>-2.400000</ele>
        <time>2026-09-26T23:38:58.934Z</time>
      </trkpt>
      <trkpt lat="51.877210" lon="4.714631">
        <ele>-2.401874</ele>
        <time>2026-09-26T23:39:09.955Z</time>
      </trkpt>
      <trkpt lat="51.877611" lon="4.715629">
        <ele>-2.409292</ele>
        <time>2026-09-26T23:39:22.994Z</time>
      </trkpt>
      <trkpt lat="51.877689" lon="4.715915">
        <ele>-2.411240</ele>
        <time>2026-09-26T23:39:26.398Z</time>
      </trkpt>
      <trkpt lat="51.877904" lon="4.717070">
        <ele>-2.415931</ele>
        <time>2026-09-26T23:39:39.447Z</time>
      </trkpt>
      <trkpt lat="51.878136" lon="4.718777">
        <ele>-2.375988</ele>
        <time>2026-09-26T23:39:58.404Z</time>
      </trkpt>
      <trkpt lat="51.878331" lon="4.721023">
        <ele>-2.083418</ele>
        <time>2026-09-26T23:40:24.536Z</time>
      </trkpt>
      <trkpt lat="51.878562" lon="4.723141">
        <ele>-1.716722</ele>
        <time>2026-09-26T23:40:51.696Z</time>
      </trkpt>
      <trkpt lat="51.878665" lon="4.724476">
        <ele>-1.767410</ele>
        <time>2026-09-26T23:41:06.525Z</time>
      </trkpt>
      <trkpt lat="51.878721" lon="4.725380">
        <ele>-1.801640</ele>
        <time>2026-09-26T23:41:15.503Z</time>
      </trkpt>
      <trkpt lat="51.878856" lon="4.725934">
        <ele>-1.904653</ele>
        <time>2026-09-26T23:41:21.266Z</time>
      </trkpt>
      <trkpt lat="51.878902" lon="4.726470">
        <ele>-2.042023</ele>
        <time>2026-09-26T23:41:26.471Z</time>
      </trkpt>
      <trkpt lat="51.878846" lon="4.728435">
        <ele>-2.541364</ele>
        <time>2026-09-26T23:41:46.141Z</time>
      </trkpt>
      <trkpt lat="51.878639" lon="4.730404">
        <ele>-2.630975</ele>
        <time>2026-09-26T23:42:07.435Z</time>
      </trkpt>
      <trkpt lat="51.878592" lon="4.731157">
        <ele>-2.662304</ele>
        <time>2026-09-26T23:42:15.965Z</time>
      </trkpt>
      <trkpt lat="51.878410" lon="4.732805">
        <ele>-2.545210</ele>
        <time>2026-09-26T23:42:35.256Z</time>
      </trkpt>
      <trkpt lat="51.878371" lon="4.733259">
        <ele>-2.506539</ele>
        <time>2026-09-26T23:42:40.495Z</time>
      </trkpt>
      <trkpt lat="51.878381" lon="4.733613">
        <ele>-2.476641</ele>
        <time>2026-09-26T23:42:44.517Z</time>
      </trkpt>
      <trkpt lat="51.878500" lon="4.734042">
        <ele>-2.436962</ele>
        <time>2026-09-26T23:42:49.828Z</time>
      </trkpt>
      <trkpt lat="51.878708" lon="4.734539">
        <ele>-2.390892</ele>
        <time>2026-09-26T23:42:56.549Z</time>
      </trkpt>
      <trkpt lat="51.879044" lon="4.735825">
        <ele>-2.287250</ele>
        <time>2026-09-26T23:43:12.288Z</time>
      </trkpt>
      <trkpt lat="51.879333" lon="4.737101">
        <ele>-2.182077</ele>
        <time>2026-09-26T23:43:27.967Z</time>
      </trkpt>
      <trkpt lat="51.879534" lon="4.737789">
        <ele>-2.114461</ele>
        <time>2026-09-26T23:43:36.867Z</time>
      </trkpt>
      <trkpt lat="51.879737" lon="4.738482">
        <ele>-2.046320</ele>
        <time>2026-09-26T23:43:45.755Z</time>
      </trkpt>
      <trkpt lat="51.879785" lon="4.738999">
        <ele>-1.999876</ele>
        <time>2026-09-26T23:43:51.689Z</time>
      </trkpt>
      <trkpt lat="51.879841" lon="4.739148">
        <ele>-1.984380</ele>
        <time>2026-09-26T23:43:53.657Z</time>
      </trkpt>
      <trkpt lat="51.880027" lon="4.739430">
        <ele>-1.950958</ele>
        <time>2026-09-26T23:43:58.214Z</time>
      </trkpt>
      <trkpt lat="51.880426" lon="4.740703">
        <ele>-2.073023</ele>
        <time>2026-09-26T23:44:13.312Z</time>
      </trkpt>
      <trkpt lat="51.880466" lon="4.741143">
        <ele>-2.111048</ele>
        <time>2026-09-26T23:44:17.944Z</time>
      </trkpt>
      <trkpt lat="51.880415" lon="4.741522">
        <ele>-2.144213</ele>
        <time>2026-09-26T23:44:21.978Z</time>
      </trkpt>
      <trkpt lat="51.880478" lon="4.741462">
        <ele>-2.154335</ele>
        <time>2026-09-26T23:44:23.240Z</time>
      </trkpt>
      <trkpt lat="51.880415" lon="4.741522">
        <ele>-2.164457</ele>
        <time>2026-09-26T23:44:24.465Z</time>
      </trkpt>
      <trkpt lat="51.880372" lon="4.741545">
        <ele>-2.170728</ele>
        <time>2026-09-26T23:44:25.260Z</time>
      </trkpt>
      <trkpt lat="51.880262" lon="4.741572">
        <ele>-2.186138</ele>
        <time>2026-09-26T23:44:27.153Z</time>
      </trkpt>
      <trkpt lat="51.879318" lon="4.741066">
        <ele>-2.249573</ele>
        <time>2026-09-26T23:44:44.549Z</time>
      </trkpt>
      <trkpt lat="51.874320" lon="4.738395">
        <ele>-2.310581</ele>
        <time>2026-09-26T23:46:17.816Z</time>
      </trkpt>
      <trkpt lat="51.874035" lon="4.739878">
        <ele>-2.323721</ele>
        <time>2026-09-26T23:46:34.954Z</time>
      </trkpt>
      <trkpt lat="51.873523" lon="4.746658">
        <ele>-2.617016</ele>
        <time>2026-09-26T23:47:48.462Z</time>
      </trkpt>
      <trkpt lat="51.873436" lon="4.747973">
        <ele>-2.582546</ele>
        <time>2026-09-26T23:48:03.068Z</time>
      </trkpt>
      <trkpt lat="51.873427" lon="4.748107">
        <ele>-2.579033</ele>
        <time>2026-09-26T23:48:04.563Z</time>
      </trkpt>
      <trkpt lat="51.873328" lon="4.749778">
        <ele>-2.450332</ele>
        <time>2026-09-26T23:48:23.736Z</time>
      </trkpt>
      <trkpt lat="51.873173" lon="4.752001">
        <ele>-2.223200</ele>
        <time>2026-09-26T23:48:49.599Z</time>
      </trkpt>
      <trkpt lat="51.869914" lon="4.750244">
        <ele>-1.681840</ele>
        <time>2026-09-26T23:49:53.311Z</time>
      </trkpt>
      <trkpt lat="51.869441" lon="4.749989">
        <ele>-1.574076</ele>
        <time>2026-09-26T23:50:02.700Z</time>
      </trkpt>
      <trkpt lat="51.867899" lon="4.748888">
        <ele>-1.228365</ele>
        <time>2026-09-26T23:50:34.511Z</time>
      </trkpt>
      <trkpt lat="51.867763" lon="4.748876">
        <ele>-1.204034</ele>
        <time>2026-09-26T23:50:37.029Z</time>
      </trkpt>
      <trkpt lat="51.867648" lon="4.748946">
        <ele>-1.182087</ele>
        <time>2026-09-26T23:50:39.311Z</time>
      </trkpt>
      <trkpt lat="51.867472" lon="4.749293">
        <ele>-1.132553</ele>
        <time>2026-09-26T23:50:44.439Z</time>
      </trkpt>
      <trkpt lat="51.866570" lon="4.748372">
        <ele>-0.967408</ele>
        <time>2026-09-26T23:51:10.969Z</time>
      </trkpt>
      <trkpt lat="51.866440" lon="4.748206">
        <ele>-0.951862</ele>
        <time>2026-09-26T23:51:15.163Z</time>
      </trkpt>
      <trkpt lat="51.866169" lon="4.747704">
        <ele>-0.913196</ele>
        <time>2026-09-26T23:51:25.553Z</time>
      </trkpt>
      <trkpt lat="51.865766" lon="4.746663">
        <ele>-0.841948</ele>
        <time>2026-09-26T23:51:44.355Z</time>
      </trkpt>
      <trkpt lat="51.865689" lon="4.746402">
        <ele>-0.827678</ele>
        <time>2026-09-26T23:51:48.648Z</time>
      </trkpt>
      <trkpt lat="51.865415" lon="4.745164">
        <ele>-0.886507</ele>
        <time>2026-09-26T23:52:07.928Z</time>
      </trkpt>
      <trkpt lat="51.865326" lon="4.744867">
        <ele>-0.901275</ele>
        <time>2026-09-26T23:52:12.719Z</time>
      </trkpt>
      <trkpt lat="51.865029" lon="4.744124">
        <ele>-0.940868</ele>
        <time>2026-09-26T23:52:25.621Z</time>
      </trkpt>
      <trkpt lat="51.864866" lon="4.743643">
        <ele>-0.944727</ele>
        <time>2026-09-26T23:52:33.748Z</time>
      </trkpt>
      <trkpt lat="51.864693" lon="4.743207">
        <ele>-0.911680</ele>
        <time>2026-09-26T23:52:41.605Z</time>
      </trkpt>
      <trkpt lat="51.864620" lon="4.742878">
        <ele>-0.889387</ele>
        <time>2026-09-26T23:52:47.015Z</time>
      </trkpt>
      <trkpt lat="51.864551" lon="4.742679">
        <ele>-0.874834</ele>
        <time>2026-09-26T23:52:50.551Z</time>
      </trkpt>
      <trkpt lat="51.864291" lon="4.742365">
        <ele>-0.841341</ele>
        <time>2026-09-26T23:52:58.736Z</time>
      </trkpt>
      <trkpt lat="51.863892" lon="4.741683">
        <ele>-0.781433</ele>
        <time>2026-09-26T23:53:13.210Z</time>
      </trkpt>
      <trkpt lat="51.863492" lon="4.741125">
        <ele>-0.810388</ele>
        <time>2026-09-26T23:53:26.132Z</time>
      </trkpt>
      <trkpt lat="51.863226" lon="4.739933">
        <ele>-0.882083</ele>
        <time>2026-09-26T23:53:45.058Z</time>
      </trkpt>
      <trkpt lat="51.863201" lon="4.739693">
        <ele>-0.895850</ele>
        <time>2026-09-26T23:53:48.616Z</time>
      </trkpt>
      <trkpt lat="51.863229" lon="4.739318">
        <ele>-0.917217</ele>
        <time>2026-09-26T23:53:54.057Z</time>
      </trkpt>
      <trkpt lat="51.863206" lon="4.738924">
        <ele>-0.948318</ele>
        <time>2026-09-26T23:53:59.679Z</time>
      </trkpt>
      <trkpt lat="51.863131" lon="4.738629">
        <ele>-1.008875</ele>
        <time>2026-09-26T23:54:04.163Z</time>
      </trkpt>
      <trkpt lat="51.862824" lon="4.737844">
        <ele>-1.185252</ele>
        <time>2026-09-26T23:54:17.221Z</time>
      </trkpt>
      <trkpt lat="51.862597" lon="4.737085">
        <ele>-1.345333</ele>
        <time>2026-09-26T23:54:29.003Z</time>
      </trkpt>
      <trkpt lat="51.862407" lon="4.736695">
        <ele>-1.439628</ele>
        <time>2026-09-26T23:54:35.901Z</time>
      </trkpt>
      <trkpt lat="51.862358" lon="4.736542">
        <ele>-1.472344</ele>
        <time>2026-09-26T23:54:38.340Z</time>
      </trkpt>
      <trkpt lat="51.862261" lon="4.735954">
        <ele>-1.461461</ele>
        <time>2026-09-26T23:54:47.150Z</time>
      </trkpt>
      <trkpt lat="51.861979" lon="4.735417">
        <ele>-1.424586</ele>
        <time>2026-09-26T23:54:57.850Z</time>
      </trkpt>
      <trkpt lat="51.861936" lon="4.734657">
        <ele>-1.384661</ele>
        <time>2026-09-26T23:55:09.670Z</time>
      </trkpt>
      <trkpt lat="51.861964" lon="4.734228">
        <ele>-1.362094</ele>
        <time>2026-09-26T23:55:16.426Z</time>
      </trkpt>
      <trkpt lat="51.862001" lon="4.733937">
        <ele>-1.346552</ele>
        <time>2026-09-26T23:55:21.116Z</time>
      </trkpt>
      <trkpt lat="51.862267" lon="4.732538">
        <ele>-1.101509</ele>
        <time>2026-09-26T23:55:44.568Z</time>
      </trkpt>
      <trkpt lat="51.862303" lon="4.732027">
        <ele>-1.006376</ele>
        <time>2026-09-26T23:55:52.863Z</time>
      </trkpt>
      <trkpt lat="51.862125" lon="4.731754">
        <ele>-0.932943</ele>
        <time>2026-09-26T23:55:57.595Z</time>
      </trkpt>
      <trkpt lat="51.862053" lon="4.731563">
        <ele>-0.891552</ele>
        <time>2026-09-26T23:56:00.260Z</time>
      </trkpt>
      <trkpt lat="51.861840" lon="4.730779">
        <ele>-0.823570</ele>
        <time>2026-09-26T23:56:10.274Z</time>
      </trkpt>
      <trkpt lat="51.861675" lon="4.729873">
        <ele>-0.893635</ele>
        <time>2026-09-26T23:56:20.854Z</time>
      </trkpt>
      <trkpt lat="51.861522" lon="4.729656">
        <ele>-0.918064</ele>
        <time>2026-09-26T23:56:24.411Z</time>
      </trkpt>
      <trkpt lat="51.861316" lon="4.729470">
        <ele>-0.946394</ele>
        <time>2026-09-26T23:56:28.412Z</time>
      </trkpt>
      <trkpt lat="51.860979" lon="4.729167">
        <ele>-0.992692</ele>
        <time>2026-09-26T23:56:34.589Z</time>
      </trkpt>
      <trkpt lat="51.860733" lon="4.729058">
        <ele>-1.064319</ele>
        <time>2026-09-26T23:56:38.609Z</time>
      </trkpt>
      <trkpt lat="51.860474" lon="4.729019">
        <ele>-1.228859</ele>
        <time>2026-09-26T23:56:42.702Z</time>
      </trkpt>
      <trkpt lat="51.860232" lon="4.728934">
        <ele>-1.385499</ele>
        <time>2026-09-26T23:56:46.560Z</time>
      </trkpt>
      <trkpt lat="51.859676" lon="4.729019">
        <ele>-1.738766</ele>
        <time>2026-09-26T23:56:55.270Z</time>
      </trkpt>
      <trkpt lat="51.858107" lon="4.729418">
        <ele>-2.534278</ele>
        <time>2026-09-26T23:57:19.604Z</time>
      </trkpt>
      <trkpt lat="51.858080" lon="4.729424">
        <ele>-2.545426</ele>
        <time>2026-09-26T23:57:20.028Z</time>
      </trkpt>
      <trkpt lat="51.857837" lon="4.729496">
        <ele>-2.646481</ele>
        <time>2026-09-26T23:57:23.982Z</time>
      </trkpt>
      <trkpt lat="51.857720" lon="4.729532">
        <ele>-2.695199</ele>
        <time>2026-09-26T23:57:25.900Z</time>
      </trkpt>
      <trkpt lat="51.857422" lon="4.729618">
        <ele>-2.819023</ele>
        <time>2026-09-26T23:57:30.956Z</time>
      </trkpt>
      <trkpt lat="51.857304" lon="4.729655">
        <ele>-2.868190</ele>
        <time>2026-09-26T23:57:33.011Z</time>
      </trkpt>
      <trkpt lat="51.854360" lon="4.730596">
        <ele>-1.191545</ele>
        <time>2026-09-26T23:58:34.968Z</time>
      </trkpt>
      <trkpt lat="51.854313" lon="4.730620">
        <ele>-1.157358</ele>
        <time>2026-09-26T23:58:36.033Z</time>
      </trkpt>
      <trkpt lat="51.854175" lon="4.730848">
        <ele>-1.020583</ele>
        <time>2026-09-26T23:58:40.340Z</time>
      </trkpt>
      <trkpt lat="51.854032" lon="4.730908">
        <ele>-0.918109</ele>
        <time>2026-09-26T23:58:43.565Z</time>
      </trkpt>
      <trkpt lat="51.854065" lon="4.731185">
        <ele>-0.797236</ele>
        <time>2026-09-26T23:58:48.525Z</time>
      </trkpt>
      <trkpt lat="51.854127" lon="4.731731">
        <ele>-0.654857</ele>
        <time>2026-09-26T23:58:58.385Z</time>
      </trkpt>
      <trkpt lat="51.854110" lon="4.732131">
        <ele>-0.571205</ele>
        <time>2026-09-26T23:59:05.511Z</time>
      </trkpt>
      <trkpt lat="51.854026" lon="4.732391">
        <ele>-0.509987</ele>
        <time>2026-09-26T23:59:10.557Z</time>
      </trkpt>
      <trkpt lat="51.853499" lon="4.733072">
        <ele>-0.282225</ele>
        <time>2026-09-26T23:59:27.658Z</time>
      </trkpt>
      <trkpt lat="51.853284" lon="4.733360">
        <ele>-0.187966</ele>
        <time>2026-09-26T23:59:34.224Z</time>
      </trkpt>
      <trkpt lat="51.853177" lon="4.733565">
        <ele>-0.143125</ele>
        <time>2026-09-26T23:59:38.029Z</time>
      </trkpt>
      <trkpt lat="51.853052" lon="4.733966">
        <ele>-0.224808</ele>
        <time>2026-09-26T23:59:44.370Z</time>
      </trkpt>
      <trkpt lat="51.853028" lon="4.734232">
        <ele>-0.273695</ele>
        <time>2026-09-26T23:59:48.134Z</time>
      </trkpt>
      <trkpt lat="51.853019" lon="4.734350">
        <ele>-0.295316</ele>
        <time>2026-09-26T23:59:49.811Z</time>
      </trkpt>
      <trkpt lat="51.853031" lon="4.734884">
        <ele>-0.392491</ele>
        <time>2026-09-26T23:59:57.183Z</time>
      </trkpt>
      <trkpt lat="51.853040" lon="4.735025">
        <ele>-0.418269</ele>
        <time>2026-09-26T23:59:59.146Z</time>
      </trkpt>
      <trkpt lat="51.853044" lon="4.735261">
        <ele>-0.461202</ele>
        <time>2026-09-27T00:00:02.399Z</time>
      </trkpt>
      <trkpt lat="51.853040" lon="4.735025">
        <ele>-0.504136</ele>
        <time>2026-09-27T00:00:05.652Z</time>
      </trkpt>
      <trkpt lat="51.853031" lon="4.734884">
        <ele>-0.529914</ele>
        <time>2026-09-27T00:00:07.655Z</time>
      </trkpt>
      <trkpt lat="51.852671" lon="4.734596">
        <ele>-0.648137</ele>
        <time>2026-09-27T00:00:16.835Z</time>
      </trkpt>
      <trkpt lat="51.852479" lon="4.734354">
        <ele>-0.609177</ele>
        <time>2026-09-27T00:00:22.449Z</time>
      </trkpt>
      <trkpt lat="51.852155" lon="4.732924">
        <ele>-0.300418</ele>
        <time>2026-09-27T00:00:46.786Z</time>
      </trkpt>
      <trkpt lat="51.852028" lon="4.732730">
        <ele>-0.243116</ele>
        <time>2026-09-27T00:00:51.372Z</time>
      </trkpt>
      <trkpt lat="51.851995" lon="4.732844">
        <ele>-0.217595</ele>
        <time>2026-09-27T00:00:52.946Z</time>
      </trkpt>
      <trkpt lat="51.851929" lon="4.732899">
        <ele>-0.193235</ele>
        <time>2026-09-27T00:00:54.437Z</time>
      </trkpt>
      <trkpt lat="51.851875" lon="4.732940">
        <ele>-0.173661</ele>
        <time>2026-09-27T00:00:55.680Z</time>
      </trkpt>
      <trkpt lat="51.851807" lon="4.732991">
        <ele>-0.149067</ele>
        <time>2026-09-27T00:00:57.239Z</time>
      </trkpt>
      <trkpt lat="51.851655" lon="4.732996">
        <ele>-0.099175</ele>
        <time>2026-09-27T00:01:00.411Z</time>
      </trkpt>
      <trkpt lat="51.851599" lon="4.732985">
        <ele>-0.080662</ele>
        <time>2026-09-27T00:01:01.601Z</time>
      </trkpt>
      <trkpt lat="51.851572" lon="4.732912">
        <ele>-0.056924</ele>
        <time>2026-09-27T00:01:02.716Z</time>
      </trkpt>
      <trkpt lat="51.851538" lon="4.732944">
        <ele>-0.037947</ele>
        <time>2026-09-27T00:01:03.854Z</time>
      </trkpt>
      <trkpt lat="51.851511" lon="4.732982">
        <ele>-0.020683</ele>
        <time>2026-09-27T00:01:05.535Z</time>
      </trkpt>
      <trkpt lat="51.851489" lon="4.733002">
        <ele>-0.008508</ele>
        <time>2026-09-27T00:01:08.057Z</time>
      </trkpt>
      <trkpt lat="51.851242" lon="4.733058">
        <ele>0.111844</ele>
        <time>2026-09-27T00:01:32.868Z</time>
      </trkpt>
      <trkpt lat="51.850411" lon="4.733246">
        <ele>0.516734</ele>
        <time>2026-09-27T00:02:55.797Z</time>
      </trkpt>
      <trkpt lat="51.849631" lon="4.733699">
        <ele>0.719932</ele>
        <time>2026-09-27T00:03:32.999Z</time>
      </trkpt>
      <trkpt lat="51.848458" lon="4.734311">
        <ele>0.385578</ele>
        <time>2026-09-27T00:04:25.523Z</time>
      </trkpt>
      <trkpt lat="51.848200" lon="4.734449">
        <ele>0.311861</ele>
        <time>2026-09-27T00:04:37.067Z</time>
      </trkpt>
      <trkpt lat="51.847760" lon="4.734752">
        <ele>0.365758</ele>
        <time>2026-09-27T00:04:57.779Z</time>
      </trkpt>
      <trkpt lat="51.846981" lon="4.735289">
        <ele>0.485778</ele>
        <time>2026-09-27T00:05:36.909Z</time>
      </trkpt>
      <trkpt lat="51.846319" lon="4.735828">
        <ele>0.578997</ele>
        <time>2026-09-27T00:06:11.308Z</time>
      </trkpt>
      <trkpt lat="51.845947" lon="4.734217">
        <ele>0.675840</ele>
        <time>2026-09-27T00:06:58.473Z</time>
      </trkpt>
      <trkpt lat="51.845711" lon="4.733027">
        <ele>0.744111</ele>
        <time>2026-09-27T00:07:32.821Z</time>
      </trkpt>
      <trkpt lat="51.845681" lon="4.732988">
        <ele>0.747318</ele>
        <time>2026-09-27T00:07:34.581Z</time>
      </trkpt>
      <trkpt lat="51.845669" lon="4.732926">
        <ele>0.750663</ele>
        <time>2026-09-27T00:07:36.372Z</time>
      </trkpt>
      <trkpt lat="51.845657" lon="4.732865">
        <ele>0.753959</ele>
        <time>2026-09-27T00:07:38.098Z</time>
      </trkpt>
      <trkpt lat="51.845423" lon="4.732980">
        <ele>0.774339</ele>
        <time>2026-09-27T00:07:42.660Z</time>
      </trkpt>
      <trkpt lat="51.845096" lon="4.733125">
        <ele>0.802595</ele>
        <time>2026-09-27T00:07:48.913Z</time>
      </trkpt>
      <trkpt lat="51.844601" lon="4.733060">
        <ele>0.843983</ele>
        <time>2026-09-27T00:07:58.551Z</time>
      </trkpt>
      <trkpt lat="51.844196" lon="4.733111">
        <ele>0.827551</ele>
        <time>2026-09-27T00:08:06.153Z</time>
      </trkpt>
      <trkpt lat="51.843193" lon="4.733373">
        <ele>0.235921</ele>
        <time>2026-09-27T00:08:22.270Z</time>
      </trkpt>
      <trkpt lat="51.843146" lon="4.733406">
        <ele>0.206088</ele>
        <time>2026-09-27T00:08:23.043Z</time>
      </trkpt>
      <trkpt lat="51.842929" lon="4.733656">
        <ele>0.050982</ele>
        <time>2026-09-27T00:08:26.983Z</time>
      </trkpt>
      <trkpt lat="51.842815" lon="4.733879">
        <ele>-0.053151</ele>
        <time>2026-09-27T00:08:29.608Z</time>
      </trkpt>
      <trkpt lat="51.842506" lon="4.734747">
        <ele>-0.445371</ele>
        <time>2026-09-27T00:08:38.667Z</time>
      </trkpt>
      <trkpt lat="51.842489" lon="4.734795">
        <ele>-0.467939</ele>
        <time>2026-09-27T00:08:39.161Z</time>
      </trkpt>
      <trkpt lat="51.842253" lon="4.735202">
        <ele>-0.695626</ele>
        <time>2026-09-27T00:08:44.220Z</time>
      </trkpt>
      <trkpt lat="51.841949" lon="4.735350">
        <ele>-0.905220</ele>
        <time>2026-09-27T00:08:49.037Z</time>
      </trkpt>
      <trkpt lat="51.841689" lon="4.735360">
        <ele>-1.076930</ele>
        <time>2026-09-27T00:08:53.112Z</time>
      </trkpt>
      <trkpt lat="51.841498" lon="4.735313">
        <ele>-1.204484</ele>
        <time>2026-09-27T00:08:56.241Z</time>
      </trkpt>
      <trkpt lat="51.837253" lon="4.733008">
        <ele>-1.351518</ele>
        <time>2026-09-27T00:10:15.546Z</time>
      </trkpt>
      <trkpt lat="51.836596" lon="4.732704">
        <ele>-1.214453</ele>
        <time>2026-09-27T00:10:28.526Z</time>
      </trkpt>
      <trkpt lat="51.836174" lon="4.732412">
        <ele>-1.122394</ele>
        <time>2026-09-27T00:10:37.587Z</time>
      </trkpt>
      <trkpt lat="51.836192" lon="4.732247">
        <ele>-1.096903</ele>
        <time>2026-09-27T00:10:39.660Z</time>
      </trkpt>
      <trkpt lat="51.836153" lon="4.732133">
        <ele>-1.076367</ele>
        <time>2026-09-27T00:10:41.270Z</time>
      </trkpt>
      <trkpt lat="51.835491" lon="4.731716">
        <ele>-0.895186</ele>
        <time>2026-09-27T00:10:55.630Z</time>
      </trkpt>
      <trkpt lat="51.834520" lon="4.731123">
        <ele>-0.666335</ele>
        <time>2026-09-27T00:11:14.416Z</time>
      </trkpt>
      <trkpt lat="51.834158" lon="4.730883">
        <ele>-0.686587</ele>
        <time>2026-09-27T00:11:21.224Z</time>
      </trkpt>
      <trkpt lat="51.834117" lon="4.730797">
        <ele>-0.690061</ele>
        <time>2026-09-27T00:11:22.373Z</time>
      </trkpt>
      <trkpt lat="51.834100" lon="4.730632">
        <ele>-0.695412</ele>
        <time>2026-09-27T00:11:24.081Z</time>
      </trkpt>
      <trkpt lat="51.834150" lon="4.730455">
        <ele>-0.701638</ele>
        <time>2026-09-27T00:11:26.120Z</time>
      </trkpt>
      <trkpt lat="51.834236" lon="4.730373">
        <ele>-0.706805</ele>
        <time>2026-09-27T00:11:27.843Z</time>
      </trkpt>
      <trkpt lat="51.834314" lon="4.730367">
        <ele>-0.710847</ele>
        <time>2026-09-27T00:11:29.191Z</time>
      </trkpt>
      <trkpt lat="51.834553" lon="4.730605">
        <ele>-0.725374</ele>
        <time>2026-09-27T00:11:34.021Z</time>
      </trkpt>
      <trkpt lat="51.834622" lon="4.730659">
        <ele>-0.729342</ele>
        <time>2026-09-27T00:11:35.355Z</time>
      </trkpt>
      <trkpt lat="51.834598" lon="4.731096">
        <ele>-0.743376</ele>
        <time>2026-09-27T00:11:40.269Z</time>
      </trkpt>
      <trkpt lat="51.834531" lon="4.731347">
        <ele>-0.752122</ele>
        <time>2026-09-27T00:11:43.343Z</time>
      </trkpt>
      <trkpt lat="51.834466" lon="4.731365">
        <ele>-0.764190</ele>
        <time>2026-09-27T00:11:44.591Z</time>
      </trkpt>
      <trkpt lat="51.834365" lon="4.731272">
        <ele>-0.794543</ele>
        <time>2026-09-27T00:11:46.759Z</time>
      </trkpt>
      <trkpt lat="51.833835" lon="4.730979">
        <ele>-0.940833</ele>
        <time>2026-09-27T00:11:56.901Z</time>
      </trkpt>
      <trkpt lat="51.833784" lon="4.730951">
        <ele>-0.954900</ele>
        <time>2026-09-27T00:11:57.830Z</time>
      </trkpt>
      <trkpt lat="51.833652" lon="4.730870">
        <ele>-0.991773</ele>
        <time>2026-09-27T00:12:00.177Z</time>
      </trkpt>
      <trkpt lat="51.833596" lon="4.730829">
        <ele>-1.007828</ele>
        <time>2026-09-27T00:12:01.150Z</time>
      </trkpt>
      <trkpt lat="51.832980" lon="4.730468">
        <ele>-1.178952</ele>
        <time>2026-09-27T00:12:11.509Z</time>
      </trkpt>
      <trkpt lat="51.832061" lon="4.729909">
        <ele>-1.027480</ele>
        <time>2026-09-27T00:12:26.871Z</time>
      </trkpt>
      <trkpt lat="51.831975" lon="4.729855">
        <ele>-1.005255</ele>
        <time>2026-09-27T00:12:28.422Z</time>
      </trkpt>
      <trkpt lat="51.831442" lon="4.729509">
        <ele>-0.866897</ele>
        <time>2026-09-27T00:12:39.655Z</time>
      </trkpt>
      <trkpt lat="51.830996" lon="4.729221">
        <ele>-0.499821</ele>
        <time>2026-09-27T00:12:51.852Z</time>
      </trkpt>
      <trkpt lat="51.830316" lon="4.728745">
        <ele>0.839321</ele>
        <time>2026-09-27T00:13:12.682Z</time>
      </trkpt>
      <trkpt lat="51.830014" lon="4.728600">
        <ele>1.408695</ele>
        <time>2026-09-27T00:13:21.740Z</time>
      </trkpt>
      <trkpt lat="51.830021" lon="4.727881">
        <ele>2.211919</ele>
        <time>2026-09-27T00:13:34.086Z</time>
      </trkpt>
      <trkpt lat="51.829965" lon="4.727409">
        <ele>2.539498</ele>
        <time>2026-09-27T00:13:41.478Z</time>
      </trkpt>
      <trkpt lat="51.829779" lon="4.726559">
        <ele>2.813988</ele>
        <time>2026-09-27T00:13:53.174Z</time>
      </trkpt>
      <trkpt lat="51.829766" lon="4.725637">
        <ele>3.094727</ele>
        <time>2026-09-27T00:14:03.671Z</time>
      </trkpt>
      <trkpt lat="51.829719" lon="4.724670">
        <ele>3.358688</ele>
        <time>2026-09-27T00:14:14.080Z</time>
      </trkpt>
      <trkpt lat="51.829725" lon="4.724147">
        <ele>3.401794</ele>
        <time>2026-09-27T00:14:19.798Z</time>
      </trkpt>
      <trkpt lat="51.829732" lon="4.723489">
        <ele>3.456025</ele>
        <time>2026-09-27T00:14:27.248Z</time>
      </trkpt>
      <trkpt lat="51.829786" lon="4.722526">
        <ele>3.535707</ele>
        <time>2026-09-27T00:14:38.479Z</time>
      </trkpt>
      <trkpt lat="51.829792" lon="4.722256">
        <ele>3.557971</ele>
        <time>2026-09-27T00:14:41.633Z</time>
      </trkpt>
      <trkpt lat="51.829768" lon="4.722014">
        <ele>3.578168</ele>
        <time>2026-09-27T00:14:44.493Z</time>
      </trkpt>
      <trkpt lat="51.829557" lon="4.721060">
        <ele>3.597551</ele>
        <time>2026-09-27T00:14:56.387Z</time>
      </trkpt>
      <trkpt lat="51.829210" lon="4.720236">
        <ele>3.609256</ele>
        <time>2026-09-27T00:15:07.729Z</time>
      </trkpt>
      <trkpt lat="51.829129" lon="4.719919">
        <ele>3.613282</ele>
        <time>2026-09-27T00:15:11.500Z</time>
      </trkpt>
      <trkpt lat="51.829059" lon="4.719332">
        <ele>3.620300</ele>
        <time>2026-09-27T00:15:17.689Z</time>
      </trkpt>
      <trkpt lat="51.829083" lon="4.719074">
        <ele>3.556498</ele>
        <time>2026-09-27T00:15:20.278Z</time>
      </trkpt>
      <trkpt lat="51.829186" lon="4.718655">
        <ele>3.407777</ele>
        <time>2026-09-27T00:15:24.766Z</time>
      </trkpt>
      <trkpt lat="51.829184" lon="4.718537">
        <ele>3.368845</ele>
        <time>2026-09-27T00:15:25.966Z</time>
      </trkpt>
      <trkpt lat="51.829299" lon="4.718051">
        <ele>3.197210</ele>
        <time>2026-09-27T00:15:31.078Z</time>
      </trkpt>
      <trkpt lat="51.829325" lon="4.717909">
        <ele>3.148365</ele>
        <time>2026-09-27T00:15:32.506Z</time>
      </trkpt>
      <trkpt lat="51.829371" lon="4.717876">
        <ele>3.121512</ele>
        <time>2026-09-27T00:15:33.306Z</time>
      </trkpt>
      <trkpt lat="51.829428" lon="4.717759">
        <ele>3.072377</ele>
        <time>2026-09-27T00:15:34.707Z</time>
      </trkpt>
      <trkpt lat="51.829457" lon="4.717634">
        <ele>3.028341</ele>
        <time>2026-09-27T00:15:36.001Z</time>
      </trkpt>
      <trkpt lat="51.829452" lon="4.717535">
        <ele>2.995582</ele>
        <time>2026-09-27T00:15:36.928Z</time>
      </trkpt>
      <trkpt lat="51.829435" lon="4.717373">
        <ele>2.941388</ele>
        <time>2026-09-27T00:15:38.481Z</time>
      </trkpt>
      <trkpt lat="51.829562" lon="4.717269">
        <ele>2.865428</ele>
        <time>2026-09-27T00:15:40.635Z</time>
      </trkpt>
      <trkpt lat="51.829517" lon="4.717120">
        <ele>2.810732</ele>
        <time>2026-09-27T00:15:42.191Z</time>
      </trkpt>
      <trkpt lat="51.829557" lon="4.717087">
        <ele>2.786771</ele>
        <time>2026-09-27T00:15:42.875Z</time>
      </trkpt>
      <trkpt lat="51.829601" lon="4.717050">
        <ele>2.760308</ele>
        <time>2026-09-27T00:15:43.622Z</time>
      </trkpt>
      <trkpt lat="51.830252" lon="4.716265">
        <ele>2.334464</ele>
        <time>2026-09-27T00:15:56.408Z</time>
      </trkpt>
      <trkpt lat="51.830395" lon="4.716050">
        <ele>2.232608</ele>
        <time>2026-09-27T00:15:59.531Z</time>
      </trkpt>
      <trkpt lat="51.830511" lon="4.715785">
        <ele>2.127888</ele>
        <time>2026-09-27T00:16:02.675Z</time>
      </trkpt>
      <trkpt lat="51.830587" lon="4.715583">
        <ele>2.051627</ele>
        <time>2026-09-27T00:16:04.964Z</time>
      </trkpt>
      <trkpt lat="51.830654" lon="4.715305">
        <ele>1.955405</ele>
        <time>2026-09-27T00:16:07.836Z</time>
      </trkpt>
      <trkpt lat="51.830726" lon="4.714918">
        <ele>1.825078</ele>
        <time>2026-09-27T00:16:11.748Z</time>
      </trkpt>
      <trkpt lat="51.830714" lon="4.714606">
        <ele>1.724273</ele>
        <time>2026-09-27T00:16:14.874Z</time>
      </trkpt>
      <trkpt lat="51.830670" lon="4.714388">
        <ele>1.697179</ele>
        <time>2026-09-27T00:16:17.211Z</time>
      </trkpt>
      <trkpt lat="51.830606" lon="4.714189">
        <ele>1.671700</ele>
        <time>2026-09-27T00:16:19.534Z</time>
      </trkpt>
      <trkpt lat="51.830432" lon="4.713891">
        <ele>1.625138</ele>
        <time>2026-09-27T00:16:23.871Z</time>
      </trkpt>
      <trkpt lat="51.830289" lon="4.713750">
        <ele>1.594363</ele>
        <time>2026-09-27T00:16:26.770Z</time>
      </trkpt>
      <trkpt lat="51.829107" lon="4.713120">
        <ele>1.362057</ele>
        <time>2026-09-27T00:16:48.406Z</time>
      </trkpt>
      <trkpt lat="51.829029" lon="4.713060">
        <ele>1.344024</ele>
        <time>2026-09-27T00:16:49.866Z</time>
      </trkpt>
      <trkpt lat="51.828874" lon="4.712843">
        <ele>1.301229</ele>
        <time>2026-09-27T00:16:53.294Z</time>
      </trkpt>
      <trkpt lat="51.828581" lon="4.712517">
        <ele>1.226985</ele>
        <time>2026-09-27T00:16:59.272Z</time>
      </trkpt>
      <trkpt lat="51.828128" lon="4.712368">
        <ele>1.130467</ele>
        <time>2026-09-27T00:17:07.070Z</time>
      </trkpt>
      <trkpt lat="51.828037" lon="4.712302">
        <ele>1.109645</ele>
        <time>2026-09-27T00:17:08.752Z</time>
      </trkpt>
      <trkpt lat="51.827965" lon="4.712222">
        <ele>1.091409</ele>
        <time>2026-09-27T00:17:10.175Z</time>
      </trkpt>
      <trkpt lat="51.827564" lon="4.711466">
        <ele>0.909369</ele>
        <time>2026-09-27T00:17:20.448Z</time>
      </trkpt>
      <trkpt lat="51.827352" lon="4.710879">
        <ele>0.734269</ele>
        <time>2026-09-27T00:17:27.610Z</time>
      </trkpt>
      <trkpt lat="51.826600" lon="4.709300">
        <ele>0.245909</ele>
        <time>2026-09-27T00:17:46.903Z</time>
      </trkpt>
      <trkpt lat="51.826517" lon="4.708929">
        <ele>0.199418</ele>
        <time>2026-09-27T00:17:50.795Z</time>
      </trkpt>
      <trkpt lat="51.826421" lon="4.708953">
        <ele>0.180899</ele>
        <time>2026-09-27T00:17:52.956Z</time>
      </trkpt>
      <trkpt lat="51.826262" lon="4.708832">
        <ele>0.147400</ele>
        <time>2026-09-27T00:17:56.979Z</time>
      </trkpt>
      <trkpt lat="51.826006" lon="4.708790">
        <ele>0.098344</ele>
        <time>2026-09-27T00:18:02.956Z</time>
      </trkpt>
      <trkpt lat="51.825931" lon="4.708650">
        <ele>0.076513</ele>
        <time>2026-09-27T00:18:05.676Z</time>
      </trkpt>
      <trkpt lat="51.825901" lon="4.708647">
        <ele>0.070782</ele>
        <time>2026-09-27T00:18:06.369Z</time>
      </trkpt>
      <trkpt lat="51.825741" lon="4.708630">
        <ele>0.040213</ele>
        <time>2026-09-27T00:18:10.192Z</time>
      </trkpt>
      <trkpt lat="51.825602" lon="4.708606">
        <ele>0.013562</ele>
        <time>2026-09-27T00:18:13.580Z</time>
      </trkpt>
      <trkpt lat="51.824674" lon="4.708558">
        <ele>0.002112</ele>
        <time>2026-09-27T00:18:26.485Z</time>
      </trkpt>
      <trkpt lat="51.824243" lon="4.708783">
        <ele>0.079012</ele>
        <time>2026-09-27T00:18:32.784Z</time>
      </trkpt>
      <trkpt lat="51.822352" lon="4.710076">
        <ele>0.621189</ele>
        <time>2026-09-27T00:19:01.316Z</time>
      </trkpt>
      <trkpt lat="51.821712" lon="4.710798">
        <ele>0.947651</ele>
        <time>2026-09-27T00:19:12.169Z</time>
      </trkpt>
      <trkpt lat="51.821605" lon="4.710813">
        <ele>1.030489</ele>
        <time>2026-09-27T00:19:15.153Z</time>
      </trkpt>
      <trkpt lat="51.821414" lon="4.710833">
        <ele>1.178115</ele>
        <time>2026-09-27T00:19:20.538Z</time>
      </trkpt>
      <trkpt lat="51.821191" lon="4.711133">
        <ele>1.401811</ele>
        <time>2026-09-27T00:19:28.884Z</time>
      </trkpt>
      <trkpt lat="51.820773" lon="4.710972">
        <ele>1.733224</ele>
        <time>2026-09-27T00:19:41.246Z</time>
      </trkpt>
      <trkpt lat="51.820719" lon="4.710952">
        <ele>1.775952</ele>
        <time>2026-09-27T00:19:42.819Z</time>
      </trkpt>
      <trkpt lat="51.819988" lon="4.710674">
        <ele>2.293369</ele>
        <time>2026-09-27T00:20:03.800Z</time>
      </trkpt>
      <trkpt lat="51.819990" lon="4.710627">
        <ele>2.305508</ele>
        <time>2026-09-27T00:20:04.604Z</time>
      </trkpt>
      <trkpt lat="51.819594" lon="4.709978">
        <ele>2.540488</ele>
        <time>2026-09-27T00:20:19.952Z</time>
      </trkpt>
      <trkpt lat="51.819435" lon="4.709943">
        <ele>2.607379</ele>
        <time>2026-09-27T00:20:24.092Z</time>
      </trkpt>
      <trkpt lat="51.818880" lon="4.709864">
        <ele>2.839628</ele>
        <time>2026-09-27T00:20:37.724Z</time>
      </trkpt>
      <trkpt lat="51.818842" lon="4.709794">
        <ele>2.863633</ele>
        <time>2026-09-27T00:20:39.112Z</time>
      </trkpt>
      <trkpt lat="51.818763" lon="4.709792">
        <ele>2.896569</ele>
        <time>2026-09-27T00:20:41.022Z</time>
      </trkpt>
      <trkpt lat="51.818725" lon="4.709844">
        <ele>2.917317</ele>
        <time>2026-09-27T00:20:42.250Z</time>
      </trkpt>
      <trkpt lat="51.818681" lon="4.709845">
        <ele>2.935660</ele>
        <time>2026-09-27T00:20:43.326Z</time>
      </trkpt>
      <trkpt lat="51.818320" lon="4.709827">
        <ele>3.196912</ele>
        <time>2026-09-27T00:20:52.821Z</time>
      </trkpt>
      <trkpt lat="51.817897" lon="4.709804">
        <ele>3.542109</ele>
        <time>2026-09-27T00:21:04.754Z</time>
      </trkpt>
      <trkpt lat="51.817845" lon="4.709802">
        <ele>3.584532</ele>
        <time>2026-09-27T00:21:05.874Z</time>
      </trkpt>
      <trkpt lat="51.817801" lon="4.709800">
        <ele>3.620433</ele>
        <time>2026-09-27T00:21:06.870Z</time>
      </trkpt>
      <trkpt lat="51.817546" lon="4.709790">
        <ele>3.828474</ele>
        <time>2026-09-27T00:21:14.295Z</time>
      </trkpt>
      <trkpt lat="51.817444" lon="4.709829">
        <ele>3.913958</ele>
        <time>2026-09-27T00:21:17.349Z</time>
      </trkpt>
      <trkpt lat="51.817294" lon="4.709991">
        <ele>4.061059</ele>
        <time>2026-09-27T00:21:22.631Z</time>
      </trkpt>
      <trkpt lat="51.817174" lon="4.710020">
        <ele>4.160018</ele>
        <time>2026-09-27T00:21:26.204Z</time>
      </trkpt>
      <trkpt lat="51.817130" lon="4.710868">
        <ele>4.501166</ele>
        <time>2026-09-27T00:21:38.331Z</time>
      </trkpt>
      <trkpt lat="51.817110" lon="4.711007">
        <ele>4.531395</ele>
        <time>2026-09-27T00:21:40.345Z</time>
      </trkpt>
      <trkpt lat="51.816956" lon="4.712154">
        <ele>4.780008</ele>
        <time>2026-09-27T00:21:55.379Z</time>
      </trkpt>
      <trkpt lat="51.816833" lon="4.712700">
        <ele>4.903097</ele>
        <time>2026-09-27T00:22:01.923Z</time>
      </trkpt>
      <trkpt lat="51.816765" lon="4.712981">
        <ele>4.967015</ele>
        <time>2026-09-27T00:22:06.299Z</time>
      </trkpt>
      <trkpt lat="51.816703" lon="4.713395">
        <ele>5.049971</ele>
        <time>2026-09-27T00:22:12.286Z</time>
      </trkpt>
      <trkpt lat="51.816702" lon="4.713631">
        <ele>4.995224</ele>
        <time>2026-09-27T00:22:15.526Z</time>
      </trkpt>
      <trkpt lat="51.816674" lon="4.713853">
        <ele>4.942665</ele>
        <time>2026-09-27T00:22:18.629Z</time>
      </trkpt>
      <trkpt lat="51.816600" lon="4.714245">
        <ele>4.847585</ele>
        <time>2026-09-27T00:22:22.748Z</time>
      </trkpt>
      <trkpt lat="51.816470" lon="4.715252">
        <ele>4.608947</ele>
        <time>2026-09-27T00:22:33.178Z</time>
      </trkpt>
      <trkpt lat="51.816470" lon="4.715491">
        <ele>4.553505</ele>
        <time>2026-09-27T00:22:35.529Z</time>
      </trkpt>
      <trkpt lat="51.816412" lon="4.715939">
        <ele>4.447325</ele>
        <time>2026-09-27T00:22:40.014Z</time>
      </trkpt>
      <trkpt lat="51.816344" lon="4.716263">
        <ele>4.373642</ele>
        <time>2026-09-27T00:22:43.368Z</time>
      </trkpt>
      <trkpt lat="51.816144" lon="4.717868">
        <ele>4.192644</ele>
        <time>2026-09-27T00:23:00.357Z</time>
      </trkpt>
      <trkpt lat="51.816135" lon="4.718139">
        <ele>4.162642</ele>
        <time>2026-09-27T00:23:03.135Z</time>
      </trkpt>
      <trkpt lat="51.816085" lon="4.718382">
        <ele>4.134330</ele>
        <time>2026-09-27T00:23:05.806Z</time>
      </trkpt>
      <trkpt lat="51.815978" lon="4.719260">
        <ele>4.104034</ele>
        <time>2026-09-27T00:23:15.569Z</time>
      </trkpt>
      <trkpt lat="51.815992" lon="4.719360">
        <ele>4.128421</ele>
        <time>2026-09-27T00:23:16.764Z</time>
      </trkpt>
      <trkpt lat="51.815979" lon="4.719463">
        <ele>4.153424</ele>
        <time>2026-09-27T00:23:17.963Z</time>
      </trkpt>
      <trkpt lat="51.815874" lon="4.720326">
        <ele>4.362626</ele>
        <time>2026-09-27T00:23:28.737Z</time>
      </trkpt>
      <trkpt lat="51.815801" lon="4.720951">
        <ele>4.513911</ele>
        <time>2026-09-27T00:23:36.779Z</time>
      </trkpt>
      <trkpt lat="51.815729" lon="4.721301">
        <ele>4.601647</ele>
        <time>2026-09-27T00:23:41.584Z</time>
      </trkpt>
      <trkpt lat="51.815667" lon="4.721855">
        <ele>4.735557</ele>
        <time>2026-09-27T00:23:48.761Z</time>
      </trkpt>
      <trkpt lat="51.815669" lon="4.722254">
        <ele>4.779272</ele>
        <time>2026-09-27T00:23:53.655Z</time>
      </trkpt>
      <trkpt lat="51.815630" lon="4.722523">
        <ele>4.803589</ele>
        <time>2026-09-27T00:23:56.994Z</time>
      </trkpt>
      <trkpt lat="51.815546" lon="4.722790">
        <ele>4.829956</ele>
        <time>2026-09-27T00:24:00.553Z</time>
      </trkpt>
      <trkpt lat="51.815399" lon="4.724120">
        <ele>4.948866</ele>
        <time>2026-09-27T00:24:15.537Z</time>
      </trkpt>
      <trkpt lat="51.815170" lon="4.725897">
        <ele>4.730962</ele>
        <time>2026-09-27T00:24:34.692Z</time>
      </trkpt>
      <trkpt lat="51.815076" lon="4.726758">
        <ele>4.526724</ele>
        <time>2026-09-27T00:24:43.341Z</time>
      </trkpt>
      <trkpt lat="51.815024" lon="4.727102">
        <ele>4.444000</ele>
        <time>2026-09-27T00:24:46.813Z</time>
      </trkpt>
      <trkpt lat="51.815003" lon="4.727260">
        <ele>4.406249</ele>
        <time>2026-09-27T00:24:48.388Z</time>
      </trkpt>
      <trkpt lat="51.814889" lon="4.728159">
        <ele>4.155340</ele>
        <time>2026-09-27T00:24:57.313Z</time>
      </trkpt>
      <trkpt lat="51.814598" lon="4.730624">
        <ele>3.427936</ele>
        <time>2026-09-27T00:25:22.023Z</time>
      </trkpt>
      <trkpt lat="51.814282" lon="4.733117">
        <ele>2.950071</ele>
        <time>2026-09-27T00:25:47.674Z</time>
      </trkpt>
      <trkpt lat="51.814308" lon="4.733268">
        <ele>2.920638</ele>
        <time>2026-09-27T00:25:49.357Z</time>
      </trkpt>
      <trkpt lat="51.814453" lon="4.733577">
        <ele>3.121321</ele>
        <time>2026-09-27T00:25:53.660Z</time>
      </trkpt>
      <trkpt lat="51.814412" lon="4.734024">
        <ele>3.386823</ele>
        <time>2026-09-27T00:25:58.990Z</time>
      </trkpt>
      <trkpt lat="51.814421" lon="4.734239">
        <ele>3.513431</ele>
        <time>2026-09-27T00:26:01.639Z</time>
      </trkpt>
      <trkpt lat="51.814601" lon="4.735204">
        <ele>4.105644</ele>
        <time>2026-09-27T00:26:15.518Z</time>
      </trkpt>
      <trkpt lat="51.814730" lon="4.736203">
        <ele>4.709914</ele>
        <time>2026-09-27T00:26:32.810Z</time>
      </trkpt>
      <trkpt lat="51.814923" lon="4.737651">
        <ele>5.629771</ele>
        <time>2026-09-27T00:26:57.551Z</time>
      </trkpt>
      <trkpt lat="51.815106" lon="4.738316">
        <ele>6.081794</ele>
        <time>2026-09-27T00:27:07.116Z</time>
      </trkpt>
      <trkpt lat="51.815286" lon="4.739453">
        <ele>6.092490</ele>
        <time>2026-09-27T00:27:18.302Z</time>
      </trkpt>
      <trkpt lat="51.815308" lon="4.739638">
        <ele>5.988655</ele>
        <time>2026-09-27T00:27:19.952Z</time>
      </trkpt>
      <trkpt lat="51.815322" lon="4.740229">
        <ele>5.662679</ele>
        <time>2026-09-27T00:27:25.112Z</time>
      </trkpt>
      <trkpt lat="51.815364" lon="4.740552">
        <ele>5.480758</ele>
        <time>2026-09-27T00:27:28.000Z</time>
      </trkpt>
      <trkpt lat="51.815441" lon="4.740954">
        <ele>5.248800</ele>
        <time>2026-09-27T00:27:31.758Z</time>
      </trkpt>
      <trkpt lat="51.815570" lon="4.741273">
        <ele>5.038704</ele>
        <time>2026-09-27T00:27:35.174Z</time>
      </trkpt>
      <trkpt lat="51.815760" lon="4.742851">
        <ele>4.038463</ele>
        <time>2026-09-27T00:27:50.537Z</time>
      </trkpt>
      <trkpt lat="51.815683" lon="4.742880">
        <ele>3.956035</ele>
        <time>2026-09-27T00:27:51.707Z</time>
      </trkpt>
      <trkpt lat="51.815607" lon="4.742902">
        <ele>3.875539</ele>
        <time>2026-09-27T00:27:52.839Z</time>
      </trkpt>
      <trkpt lat="51.815471" lon="4.742957">
        <ele>3.729381</ele>
        <time>2026-09-27T00:27:54.849Z</time>
      </trkpt>
      <trkpt lat="51.815419" lon="4.742619">
        <ele>3.504885</ele>
        <time>2026-09-27T00:27:57.932Z</time>
      </trkpt>
      <trkpt lat="51.815379" lon="4.742413">
        <ele>3.365715</ele>
        <time>2026-09-27T00:27:59.813Z</time>
      </trkpt>
      <trkpt lat="51.815273" lon="4.742335">
        <ele>3.244302</ele>
        <time>2026-09-27T00:28:01.428Z</time>
      </trkpt>
      <trkpt lat="51.814811" lon="4.742333">
        <ele>2.788906</ele>
        <time>2026-09-27T00:28:07.781Z</time>
      </trkpt>
      <trkpt lat="51.813366" lon="4.742056">
        <ele>1.483163</ele>
        <time>2026-09-27T00:28:29.380Z</time>
      </trkpt>
      <trkpt lat="51.812741" lon="4.741839">
        <ele>1.187343</ele>
        <time>2026-09-27T00:28:39.968Z</time>
      </trkpt>
      <trkpt lat="51.812416" lon="4.741793">
        <ele>1.084715</ele>
        <time>2026-09-27T00:28:45.399Z</time>
      </trkpt>
      <trkpt lat="51.811965" lon="4.741600">
        <ele>0.937960</ele>
        <time>2026-09-27T00:28:53.292Z</time>
      </trkpt>
      <trkpt lat="51.811252" lon="4.741295">
        <ele>0.746115</ele>
        <time>2026-09-27T00:29:05.644Z</time>
      </trkpt>
      <trkpt lat="51.810591" lon="4.740900">
        <ele>0.660294</ele>
        <time>2026-09-27T00:29:17.748Z</time>
      </trkpt>
      <trkpt lat="51.809834" lon="4.740323">
        <ele>0.558375</ele>
        <time>2026-09-27T00:29:32.613Z</time>
      </trkpt>
      <trkpt lat="51.808329" lon="4.739568">
        <ele>0.282365</ele>
        <time>2026-09-27T00:29:59.296Z</time>
      </trkpt>
      <trkpt lat="51.807066" lon="4.738939">
        <ele>0.064866</ele>
        <time>2026-09-27T00:30:21.579Z</time>
      </trkpt>
      <trkpt lat="51.806034" lon="4.738583">
        <ele>0.038505</ele>
        <time>2026-09-27T00:30:39.594Z</time>
      </trkpt>
      <trkpt lat="51.805666" lon="4.738377">
        <ele>0.158630</ele>
        <time>2026-09-27T00:30:46.496Z</time>
      </trkpt>
      <trkpt lat="51.805233" lon="4.738070">
        <ele>0.304468</ele>
        <time>2026-09-27T00:30:56.009Z</time>
      </trkpt>
      <trkpt lat="51.805166" lon="4.738012">
        <ele>0.327910</ele>
        <time>2026-09-27T00:30:57.586Z</time>
      </trkpt>
      <trkpt lat="51.804861" lon="4.737740">
        <ele>0.435350</ele>
        <time>2026-09-27T00:31:05.001Z</time>
      </trkpt>
      <trkpt lat="51.804670" lon="4.737570">
        <ele>0.503085</ele>
        <time>2026-09-27T00:31:09.428Z</time>
      </trkpt>
      <trkpt lat="51.804562" lon="4.737474">
        <ele>0.545983</ele>
        <time>2026-09-27T00:31:12.679Z</time>
      </trkpt>
      <trkpt lat="51.804232" lon="4.737179">
        <ele>0.677232</ele>
        <time>2026-09-27T00:31:20.568Z</time>
      </trkpt>
      <trkpt lat="51.804189" lon="4.737142">
        <ele>0.694186</ele>
        <time>2026-09-27T00:31:21.607Z</time>
      </trkpt>
      <trkpt lat="51.804471" lon="4.736373">
        <ele>0.886622</ele>
        <time>2026-09-27T00:31:33.499Z</time>
      </trkpt>
      <trkpt lat="51.804510" lon="4.736257">
        <ele>0.915041</ele>
        <time>2026-09-27T00:31:35.063Z</time>
      </trkpt>
      <trkpt lat="51.804666" lon="4.735809">
        <ele>1.025705</ele>
        <time>2026-09-27T00:31:40.821Z</time>
      </trkpt>
      <trkpt lat="51.804839" lon="4.735105">
        <ele>1.036035</ele>
        <time>2026-09-27T00:31:51.557Z</time>
      </trkpt>
      <trkpt lat="51.804831" lon="4.735027">
        <ele>1.012351</ele>
        <time>2026-09-27T00:31:52.646Z</time>
      </trkpt>
      <trkpt lat="51.803725" lon="4.733292">
        <ele>0.265886</ele>
        <time>2026-09-27T00:32:26.230Z</time>
      </trkpt>
      <trkpt lat="51.803011" lon="4.732131">
        <ele>0.054660</ele>
        <time>2026-09-27T00:32:49.625Z</time>
      </trkpt>
      <trkpt lat="51.802706" lon="4.731512">
        <ele>-0.043959</ele>
        <time>2026-09-27T00:33:01.485Z</time>
      </trkpt>
      <trkpt lat="51.802527" lon="4.731064">
        <ele>-0.109674</ele>
        <time>2026-09-27T00:33:09.511Z</time>
      </trkpt>
      <trkpt lat="51.802439" lon="4.730836">
        <ele>-0.127027</ele>
        <time>2026-09-27T00:33:13.550Z</time>
      </trkpt>
      <trkpt lat="51.802405" lon="4.730580">
        <ele>-0.143933</ele>
        <time>2026-09-27T00:33:17.483Z</time>
      </trkpt>
      <trkpt lat="51.801981" lon="4.729244">
        <ele>-0.240890</ele>
        <time>2026-09-27T00:33:39.395Z</time>
      </trkpt>
      <trkpt lat="51.801635" lon="4.727798">
        <ele>-0.274099</ele>
        <time>2026-09-27T00:34:02.042Z</time>
      </trkpt>
      <trkpt lat="51.801330" lon="4.726001">
        <ele>-0.212827</ele>
        <time>2026-09-27T00:34:30.626Z</time>
      </trkpt>
      <trkpt lat="51.801222" lon="4.725052">
        <ele>-0.181984</ele>
        <time>2026-09-27T00:34:45.868Z</time>
      </trkpt>
      <trkpt lat="51.801195" lon="4.724443">
        <ele>-0.162799</ele>
        <time>2026-09-27T00:34:55.276Z</time>
      </trkpt>
      <trkpt lat="51.801319" lon="4.724421">
        <ele>-0.156460</ele>
        <time>2026-09-27T00:34:58.322Z</time>
      </trkpt>
      <trkpt lat="51.801450" lon="4.724410">
        <ele>-0.149795</ele>
        <time>2026-09-27T00:35:01.431Z</time>
      </trkpt>
      <trkpt lat="51.801557" lon="4.724393">
        <ele>-0.144332</ele>
        <time>2026-09-27T00:35:03.953Z</time>
      </trkpt>
      <trkpt lat="51.801841" lon="4.724369">
        <ele>-0.129881</ele>
        <time>2026-09-27T00:35:10.700Z</time>
      </trkpt>
      <trkpt lat="51.802107" lon="4.724447">
        <ele>-0.116144</ele>
        <time>2026-09-27T00:35:17.219Z</time>
      </trkpt>
      <trkpt lat="51.802352" lon="4.724593">
        <ele>-0.095294</ele>
        <time>2026-09-27T00:35:23.523Z</time>
      </trkpt>
      <trkpt lat="51.802562" lon="4.724770">
        <ele>-0.069772</ele>
        <time>2026-09-27T00:35:29.227Z</time>
      </trkpt>
      <trkpt lat="51.803149" lon="4.725184">
        <ele>-0.000754</ele>
        <time>2026-09-27T00:35:44.652Z</time>
      </trkpt>
      <trkpt lat="51.803277" lon="4.724661">
        <ele>0.036731</ele>
        <time>2026-09-27T00:35:53.269Z</time>
      </trkpt>
      <trkpt lat="51.803511" lon="4.723696">
        <ele>0.108700</ele>
        <time>2026-09-27T00:36:10.155Z</time>
      </trkpt>
      <trkpt lat="51.803562" lon="4.723511">
        <ele>0.124005</ele>
        <time>2026-09-27T00:36:13.488Z</time>
      </trkpt>
      <trkpt lat="51.803645" lon="4.723170">
        <ele>0.151694</ele>
        <time>2026-09-27T00:36:19.384Z</time>
      </trkpt>
      <trkpt lat="51.804045" lon="4.721943">
        <ele>0.256499</ele>
        <time>2026-09-27T00:36:40.639Z</time>
      </trkpt>
      <trkpt lat="51.804155" lon="4.721628">
        <ele>0.283832</ele>
        <time>2026-09-27T00:36:46.045Z</time>
      </trkpt>
      <trkpt lat="51.804221" lon="4.721446">
        <ele>0.299774</ele>
        <time>2026-09-27T00:36:49.080Z</time>
      </trkpt>
      <trkpt lat="51.804299" lon="4.721232">
        <ele>0.283378</ele>
        <time>2026-09-27T00:36:52.579Z</time>
      </trkpt>
      <trkpt lat="51.804317" lon="4.721084">
        <ele>0.267249</ele>
        <time>2026-09-27T00:36:54.717Z</time>
      </trkpt>
      <trkpt lat="51.804636" lon="4.721467">
        <ele>0.198545</ele>
        <time>2026-09-27T00:37:03.837Z</time>
      </trkpt>
      <trkpt lat="51.804745" lon="4.721547">
        <ele>0.177846</ele>
        <time>2026-09-27T00:37:06.566Z</time>
      </trkpt>
      <trkpt lat="51.804752" lon="4.721575">
        <ele>0.174617</ele>
        <time>2026-09-27T00:37:06.890Z</time>
      </trkpt>
      <trkpt lat="51.804764" lon="4.721622">
        <ele>0.169180</ele>
        <time>2026-09-27T00:37:07.403Z</time>
      </trkpt>
      <trkpt lat="51.804822" lon="4.721566">
        <ele>0.157499</ele>
        <time>2026-09-27T00:37:08.932Z</time>
      </trkpt>
      <trkpt lat="51.804882" lon="4.721508">
        <ele>0.145411</ele>
        <time>2026-09-27T00:37:10.561Z</time>
      </trkpt>
      <trkpt lat="51.805124" lon="4.721429">
        <ele>0.102719</ele>
        <time>2026-09-27T00:37:16.259Z</time>
      </trkpt>
      <trkpt lat="51.805702" lon="4.721289">
        <ele>0.001653</ele>
        <time>2026-09-27T00:37:30.116Z</time>
      </trkpt>
      <trkpt lat="51.805755" lon="4.721290">
        <ele>-0.005840</ele>
        <time>2026-09-27T00:37:31.391Z</time>
      </trkpt>
      <trkpt lat="51.805918" lon="4.721171">
        <ele>0.074706</ele>
        <time>2026-09-27T00:37:35.777Z</time>
      </trkpt>
      <trkpt lat="51.805964" lon="4.721077">
        <ele>0.108089</ele>
        <time>2026-09-27T00:37:37.580Z</time>
      </trkpt>
      <trkpt lat="51.806061" lon="4.720057">
        <ele>0.395480</ele>
        <time>2026-09-27T00:37:54.396Z</time>
      </trkpt>
      <trkpt lat="51.806481" lon="4.719026">
        <ele>0.739305</ele>
        <time>2026-09-27T00:38:15.103Z</time>
      </trkpt>
      <trkpt lat="51.806560" lon="4.718860">
        <ele>0.797639</ele>
        <time>2026-09-27T00:38:18.656Z</time>
      </trkpt>
      <trkpt lat="51.806684" lon="4.718702">
        <ele>0.882664</ele>
        <time>2026-09-27T00:38:22.984Z</time>
      </trkpt>
      <trkpt lat="51.806900" lon="4.717839">
        <ele>1.196881</ele>
        <time>2026-09-27T00:38:35.085Z</time>
      </trkpt>
      <trkpt lat="51.807034" lon="4.717497">
        <ele>1.333528</ele>
        <time>2026-09-27T00:38:40.309Z</time>
      </trkpt>
      <trkpt lat="51.807258" lon="4.717077">
        <ele>1.520722</ele>
        <time>2026-09-27T00:38:47.243Z</time>
      </trkpt>
      <trkpt lat="51.807540" lon="4.716761">
        <ele>1.707982</ele>
        <time>2026-09-27T00:38:53.908Z</time>
      </trkpt>
      <trkpt lat="51.807832" lon="4.716552">
        <ele>1.843108</ele>
        <time>2026-09-27T00:39:00.336Z</time>
      </trkpt>
      <trkpt lat="51.808426" lon="4.716301">
        <ele>2.043587</ele>
        <time>2026-09-27T00:39:12.616Z</time>
      </trkpt>
      <trkpt lat="51.808916" lon="4.716089">
        <ele>2.209220</ele>
        <time>2026-09-27T00:39:22.297Z</time>
      </trkpt>
      <trkpt lat="51.809431" lon="4.715884">
        <ele>2.374525</ele>
        <time>2026-09-27T00:39:32.183Z</time>
      </trkpt>
      <trkpt lat="51.810184" lon="4.715577">
        <ele>2.433788</ele>
        <time>2026-09-27T00:39:46.646Z</time>
      </trkpt>
      <trkpt lat="51.810234" lon="4.715553">
        <ele>2.437768</ele>
        <time>2026-09-27T00:39:47.644Z</time>
      </trkpt>
      <trkpt lat="51.811140" lon="4.715144">
        <ele>2.508293</ele>
        <time>2026-09-27T00:40:04.731Z</time>
      </trkpt>
      <trkpt lat="51.811395" lon="4.714916">
        <ele>2.363547</ele>
        <time>2026-09-27T00:40:09.730Z</time>
      </trkpt>
      <trkpt lat="51.811631" lon="4.714645">
        <ele>2.219765</ele>
        <time>2026-09-27T00:40:14.397Z</time>
      </trkpt>
      <trkpt lat="51.811880" lon="4.714218">
        <ele>2.039486</ele>
        <time>2026-09-27T00:40:19.937Z</time>
      </trkpt>
      <trkpt lat="51.812189" lon="4.713405">
        <ele>1.746377</ele>
        <time>2026-09-27T00:40:28.908Z</time>
      </trkpt>
      <trkpt lat="51.812223" lon="4.713241">
        <ele>1.693251</ele>
        <time>2026-09-27T00:40:30.556Z</time>
      </trkpt>
      <trkpt lat="51.812258" lon="4.712824">
        <ele>1.600746</ele>
        <time>2026-09-27T00:40:34.619Z</time>
      </trkpt>
      <trkpt lat="51.812237" lon="4.711998">
        <ele>1.526765</ele>
        <time>2026-09-27T00:40:42.800Z</time>
      </trkpt>
      <trkpt lat="51.812273" lon="4.711434">
        <ele>1.476025</ele>
        <time>2026-09-27T00:40:48.716Z</time>
      </trkpt>
      <trkpt lat="51.812365" lon="4.710724">
        <ele>1.411107</ele>
        <time>2026-09-27T00:40:56.833Z</time>
      </trkpt>
      <trkpt lat="51.812524" lon="4.709198">
        <ele>1.461659</ele>
        <time>2026-09-27T00:41:15.377Z</time>
      </trkpt>
      <trkpt lat="51.812543" lon="4.708747">
        <ele>1.513471</ele>
        <time>2026-09-27T00:41:21.148Z</time>
      </trkpt>
      <trkpt lat="51.812669" lon="4.707395">
        <ele>1.670184</ele>
        <time>2026-09-27T00:41:36.753Z</time>
      </trkpt>
      <trkpt lat="51.812798" lon="4.706663">
        <ele>1.498608</ele>
        <time>2026-09-27T00:41:44.677Z</time>
      </trkpt>
      <trkpt lat="51.812816" lon="4.706465">
        <ele>1.434832</ele>
        <time>2026-09-27T00:41:46.672Z</time>
      </trkpt>
      <trkpt lat="51.812804" lon="4.706396">
        <ele>1.411990</ele>
        <time>2026-09-27T00:41:47.356Z</time>
      </trkpt>
      <trkpt lat="51.813029" lon="4.705096">
        <ele>0.981789</ele>
        <time>2026-09-27T00:41:59.982Z</time>
      </trkpt>
      <trkpt lat="51.813205" lon="4.704707">
        <ele>0.828176</ele>
        <time>2026-09-27T00:42:04.541Z</time>
      </trkpt>
      <trkpt lat="51.813646" lon="4.703221">
        <ele>0.715505</ele>
        <time>2026-09-27T00:42:21.352Z</time>
      </trkpt>
      <trkpt lat="51.813954" lon="4.702687">
        <ele>0.692010</ele>
        <time>2026-09-27T00:42:29.462Z</time>
      </trkpt>
      <trkpt lat="51.815079" lon="4.699466">
        <ele>1.604708</ele>
        <time>2026-09-27T00:43:15.839Z</time>
      </trkpt>
      <trkpt lat="51.815104" lon="4.699360">
        <ele>1.631180</ele>
        <time>2026-09-27T00:43:17.723Z</time>
      </trkpt>
      <trkpt lat="51.815433" lon="4.698322">
        <ele>1.903358</ele>
        <time>2026-09-27T00:43:32.028Z</time>
      </trkpt>
      <trkpt lat="51.815490" lon="4.698118">
        <ele>1.955594</ele>
        <time>2026-09-27T00:43:34.659Z</time>
      </trkpt>
      <trkpt lat="51.815575" lon="4.697899">
        <ele>2.015931</ele>
        <time>2026-09-27T00:43:37.705Z</time>
      </trkpt>
      <trkpt lat="51.815623" lon="4.697581">
        <ele>2.092310</ele>
        <time>2026-09-27T00:43:41.584Z</time>
      </trkpt>
      <trkpt lat="51.815601" lon="4.697350">
        <ele>2.146845</ele>
        <time>2026-09-27T00:43:44.413Z</time>
      </trkpt>
      <trkpt lat="51.815519" lon="4.697081">
        <ele>2.216827</ele>
        <time>2026-09-27T00:43:48.055Z</time>
      </trkpt>
      <trkpt lat="51.815456" lon="4.696966">
        <ele>2.252680</ele>
        <time>2026-09-27T00:43:50.518Z</time>
      </trkpt>
      <trkpt lat="51.815314" lon="4.696688">
        <ele>2.328443</ele>
        <time>2026-09-27T00:43:56.320Z</time>
      </trkpt>
      <trkpt lat="51.815242" lon="4.696607">
        <ele>2.357288</ele>
        <time>2026-09-27T00:43:58.599Z</time>
      </trkpt>
      <trkpt lat="51.814815" lon="4.696273">
        <ele>2.513286</ele>
        <time>2026-09-27T00:44:10.710Z</time>
      </trkpt>
      <trkpt lat="51.814771" lon="4.696187">
        <ele>2.535984</ele>
        <time>2026-09-27T00:44:12.490Z</time>
      </trkpt>
      <trkpt lat="51.814792" lon="4.695629">
        <ele>2.649651</ele>
        <time>2026-09-27T00:44:21.549Z</time>
      </trkpt>
      <trkpt lat="51.814857" lon="4.694702">
        <ele>2.839345</ele>
        <time>2026-09-27T00:44:32.925Z</time>
      </trkpt>
      <trkpt lat="51.814859" lon="4.694674">
        <ele>2.845076</ele>
        <time>2026-09-27T00:44:33.242Z</time>
      </trkpt>
      <trkpt lat="51.814838" lon="4.694086">
        <ele>2.873900</ele>
        <time>2026-09-27T00:44:40.034Z</time>
      </trkpt>
      <trkpt lat="51.814936" lon="4.692496">
        <ele>2.908039</ele>
        <time>2026-09-27T00:44:57.113Z</time>
      </trkpt>
      <trkpt lat="51.815010" lon="4.692474">
        <ele>2.910639</ele>
        <time>2026-09-27T00:44:58.400Z</time>
      </trkpt>
      <trkpt lat="51.815070" lon="4.692395">
        <ele>2.913312</ele>
        <time>2026-09-27T00:44:59.711Z</time>
      </trkpt>
      <trkpt lat="51.815492" lon="4.691388">
        <ele>3.156445</ele>
        <time>2026-09-27T00:45:13.574Z</time>
      </trkpt>
      <trkpt lat="51.816047" lon="4.690053">
        <ele>3.726968</ele>
        <time>2026-09-27T00:45:34.443Z</time>
      </trkpt>
      <trkpt lat="51.816120" lon="4.689878">
        <ele>3.801834</ele>
        <time>2026-09-27T00:45:37.438Z</time>
      </trkpt>
      <trkpt lat="51.816385" lon="4.689228">
        <ele>4.021204</ele>
        <time>2026-09-27T00:45:48.309Z</time>
      </trkpt>
      <trkpt lat="51.816460" lon="4.688973">
        <ele>4.074291</ele>
        <time>2026-09-27T00:45:52.060Z</time>
      </trkpt>
      <trkpt lat="51.816508" lon="4.688551">
        <ele>4.154957</ele>
        <time>2026-09-27T00:45:57.526Z</time>
      </trkpt>
      <trkpt lat="51.816519" lon="4.688407">
        <ele>4.182234</ele>
        <time>2026-09-27T00:45:59.898Z</time>
      </trkpt>
      <trkpt lat="51.816265" lon="4.688387">
        <ele>4.259568</ele>
        <time>2026-09-27T00:46:06.302Z</time>
      </trkpt>
      <trkpt lat="51.816072" lon="4.688319">
        <ele>4.319637</ele>
        <time>2026-09-27T00:46:11.124Z</time>
      </trkpt>
      <trkpt lat="51.815654" lon="4.688098">
        <ele>4.453371</ele>
        <time>2026-09-27T00:46:21.625Z</time>
      </trkpt>
      <trkpt lat="51.815676" lon="4.687964">
        <ele>4.479436</ele>
        <time>2026-09-27T00:46:23.639Z</time>
      </trkpt>
      <trkpt lat="51.815747" lon="4.687755">
        <ele>4.515982</ele>
        <time>2026-09-27T00:46:27.033Z</time>
      </trkpt>
      <trkpt lat="51.815797" lon="4.687628">
        <ele>4.532623</ele>
        <time>2026-09-27T00:46:29.150Z</time>
      </trkpt>
      <trkpt lat="51.815703" lon="4.687521">
        <ele>4.553173</ele>
        <time>2026-09-27T00:46:31.796Z</time>
      </trkpt>
      <trkpt lat="51.815313" lon="4.687084">
        <ele>4.637995</ele>
        <time>2026-09-27T00:46:42.991Z</time>
      </trkpt>
      <trkpt lat="51.815084" lon="4.686718">
        <ele>4.695551</ele>
        <time>2026-09-27T00:46:51.192Z</time>
      </trkpt>
      <trkpt lat="51.815006" lon="4.686512">
        <ele>4.722250</ele>
        <time>2026-09-27T00:46:55.240Z</time>
      </trkpt>
      <trkpt lat="51.814890" lon="4.686393">
        <ele>4.746809</ele>
        <time>2026-09-27T00:46:59.053Z</time>
      </trkpt>
      <trkpt lat="51.814664" lon="4.686012">
        <ele>4.805169</ele>
        <time>2026-09-27T00:47:08.408Z</time>
      </trkpt>
      <trkpt lat="51.814395" lon="4.685553">
        <ele>4.712865</ele>
        <time>2026-09-27T00:47:18.589Z</time>
      </trkpt>
      <trkpt lat="51.814337" lon="4.685402">
        <ele>4.667920</ele>
        <time>2026-09-27T00:47:21.258Z</time>
      </trkpt>
      <trkpt lat="51.814220" lon="4.685273">
        <ele>4.610014</ele>
        <time>2026-09-27T00:47:24.529Z</time>
      </trkpt>
      <trkpt lat="51.814029" lon="4.684975">
        <ele>4.501488</ele>
        <time>2026-09-27T00:47:30.576Z</time>
      </trkpt>
      <trkpt lat="51.813899" lon="4.684787">
        <ele>4.430174</ele>
        <time>2026-09-27T00:47:34.498Z</time>
      </trkpt>
      <trkpt lat="51.813387" lon="4.684204">
        <ele>4.174109</ele>
        <time>2026-09-27T00:47:48.011Z</time>
      </trkpt>
      <trkpt lat="51.813476" lon="4.683826">
        <ele>4.063772</ele>
        <time>2026-09-27T00:47:51.606Z</time>
      </trkpt>
      <trkpt lat="51.813653" lon="4.683413">
        <ele>3.880728</ele>
        <time>2026-09-27T00:47:55.946Z</time>
      </trkpt>
      <trkpt lat="51.813696" lon="4.683343">
        <ele>3.844784</ele>
        <time>2026-09-27T00:47:56.797Z</time>
      </trkpt>
      <trkpt lat="51.813822" lon="4.683272">
        <ele>3.766173</ele>
        <time>2026-09-27T00:47:58.684Z</time>
      </trkpt>
      <trkpt lat="51.813860" lon="4.683209">
        <ele>3.734113</ele>
        <time>2026-09-27T00:47:59.483Z</time>
      </trkpt>
      <trkpt lat="51.813917" lon="4.683102">
        <ele>3.682666</ele>
        <time>2026-09-27T00:48:00.736Z</time>
      </trkpt>
      <trkpt lat="51.813972" lon="4.682854">
        <ele>3.586698</ele>
        <time>2026-09-27T00:48:03.130Z</time>
      </trkpt>
      <trkpt lat="51.814027" lon="4.682750">
        <ele>3.536848</ele>
        <time>2026-09-27T00:48:04.423Z</time>
      </trkpt>
      <trkpt lat="51.814530" lon="4.681796">
        <ele>3.080153</ele>
        <time>2026-09-27T00:48:17.558Z</time>
      </trkpt>
      <trkpt lat="51.814652" lon="4.681195">
        <ele>3.127907</ele>
        <time>2026-09-27T00:48:25.083Z</time>
      </trkpt>
      <trkpt lat="51.814698" lon="4.681000">
        <ele>3.168913</ele>
        <time>2026-09-27T00:48:27.497Z</time>
      </trkpt>
      <trkpt lat="51.814829" lon="4.680757">
        <ele>3.232258</ele>
        <time>2026-09-27T00:48:31.346Z</time>
      </trkpt>
      <trkpt lat="51.815289" lon="4.680138">
        <ele>3.422422</ele>
        <time>2026-09-27T00:48:43.290Z</time>
      </trkpt>
      <trkpt lat="51.815465" lon="4.679418">
        <ele>3.574537</ele>
        <time>2026-09-27T00:48:53.470Z</time>
      </trkpt>
      <trkpt lat="51.815500" lon="4.679179">
        <ele>3.592952</ele>
        <time>2026-09-27T00:48:56.331Z</time>
      </trkpt>
      <trkpt lat="51.815513" lon="4.679109">
        <ele>3.586638</ele>
        <time>2026-09-27T00:48:57.159Z</time>
      </trkpt>
      <trkpt lat="51.815570" lon="4.678839">
        <ele>3.561994</ele>
        <time>2026-09-27T00:49:00.296Z</time>
      </trkpt>
      <trkpt lat="51.815979" lon="4.677157">
        <ele>3.405875</ele>
        <time>2026-09-27T00:49:18.522Z</time>
      </trkpt>
      <trkpt lat="51.816090" lon="4.676677">
        <ele>3.361609</ele>
        <time>2026-09-27T00:49:23.978Z</time>
      </trkpt>
      <trkpt lat="51.816243" lon="4.676096">
        <ele>3.345086</ele>
        <time>2026-09-27T00:49:30.801Z</time>
      </trkpt>
      <trkpt lat="51.816269" lon="4.675857">
        <ele>3.342367</ele>
        <time>2026-09-27T00:49:33.407Z</time>
      </trkpt>
      <trkpt lat="51.816322" lon="4.675657">
        <ele>3.339930</ele>
        <time>2026-09-27T00:49:36.520Z</time>
      </trkpt>
      <trkpt lat="51.816407" lon="4.675380">
        <ele>3.336466</ele>
        <time>2026-09-27T00:49:40.889Z</time>
      </trkpt>
      <trkpt lat="51.816522" lon="4.674854">
        <ele>3.330216</ele>
        <time>2026-09-27T00:49:49.196Z</time>
      </trkpt>
      <trkpt lat="51.816536" lon="4.674790">
        <ele>3.329456</ele>
        <time>2026-09-27T00:49:50.202Z</time>
      </trkpt>
      <trkpt lat="51.816583" lon="4.674593">
        <ele>3.327090</ele>
        <time>2026-09-27T00:49:53.380Z</time>
      </trkpt>
      <trkpt lat="51.816628" lon="4.674440">
        <ele>3.325192</ele>
        <time>2026-09-27T00:49:55.950Z</time>
      </trkpt>
      <trkpt lat="51.816562" lon="4.674349">
        <ele>3.323621</ele>
        <time>2026-09-27T00:49:58.063Z</time>
      </trkpt>
      <trkpt lat="51.816295" lon="4.674163">
        <ele>3.318353</ele>
        <time>2026-09-27T00:50:05.379Z</time>
      </trkpt>
      <trkpt lat="51.816088" lon="4.674010">
        <ele>3.437386</ele>
        <time>2026-09-27T00:50:11.252Z</time>
      </trkpt>
      <trkpt lat="51.815773" lon="4.673775">
        <ele>3.628047</ele>
        <time>2026-09-27T00:50:20.441Z</time>
      </trkpt>
      <trkpt lat="51.815712" lon="4.673724">
        <ele>3.665789</ele>
        <time>2026-09-27T00:50:22.309Z</time>
      </trkpt>
      <trkpt lat="51.815111" lon="4.673187">
        <ele>4.043165</ele>
        <time>2026-09-27T00:50:41.579Z</time>
      </trkpt>
      <trkpt lat="51.815295" lon="4.672408">
        <ele>4.306763</ele>
        <time>2026-09-27T00:50:55.665Z</time>
      </trkpt>
      <trkpt lat="51.815419" lon="4.671833">
        <ele>4.306763</ele>
        <time>2026-09-27T00:51:05.410Z</time>
      </trkpt>
      <trkpt lat="51.815351" lon="4.671788">
        <ele>4.306763</ele>
        <time>2026-09-27T00:51:07.311Z</time>
      </trkpt>
      <trkpt lat="51.814877" lon="4.671409">
        <ele>4.306763</ele>
        <time>2026-09-27T00:51:20.168Z</time>
      </trkpt>
      <trkpt lat="51.814822" lon="4.671358">
        <ele>4.306763</ele>
        <time>2026-09-27T00:51:21.633Z</time>
      </trkpt>
      <trkpt lat="51.814733" lon="4.671279">
        <ele>4.306763</ele>
        <time>2026-09-27T00:51:23.925Z</time>
      </trkpt>
      <trkpt lat="51.814544" lon="4.671018">
        <ele>4.306763</ele>
        <time>2026-09-27T00:51:29.559Z</time>
      </trkpt>
      <trkpt lat="51.814454" lon="4.670889">
        <ele>4.306763</ele>
        <time>2026-09-27T00:51:32.357Z</time>
      </trkpt>
      <trkpt lat="51.814357" lon="4.670736">
        <ele>4.306763</ele>
        <time>2026-09-27T00:51:35.534Z</time>
      </trkpt>
      <trkpt lat="51.814392" lon="4.670692">
        <ele>4.306763</ele>
        <time>2026-09-27T00:51:38.636Z</time>
      </trkpt>
      <trkpt lat="51.814451" lon="4.670617">
        <ele>4.306763</ele>
        <time>2026-09-27T00:51:43.841Z</time>
      </trkpt>
    </trkseg>
  </trk>
</gpx>